상권_구분_코드,상권_구분_코드_명,상권_코드,상권_코드_명,엑스좌표_값,와이좌표_값,자치구_코드,자치구_코드_명,행정동_코드,행정동_코드_명,영역_면적,경도,위도
A,골목상권,3110055,황학동벼룩시장,201642,452260,11140,중구,11140670,황학동,27575,127.01858665039832,37.56987904492781
A,골목상권,3110008,배화여자대학교(박노수미술관),197093,453418,11110,종로구,11110515,청운효자동,149264,126.9670895683088,37.58030943835253
A,골목상권,3110009,자하문터널,196991,455057,11110,종로구,11110550,부암동,178306,126.96592808590958,37.59507637869068
A,골목상권,3110010,평창동서측,197064,456643,11110,종로구,11110560,평창동,369415,126.96674832970702,37.60936632114107
A,골목상권,3110017,정독도서관,198581,453781,11110,종로구,11110600,가회동,83855,126.98393465833044,37.583583539469174
A,골목상권,3110018,중앙고등학교,198883,453690,11110,종로구,11110600,가회동,166872,126.98735391827724,37.58276405131138
A,골목상권,3110019,창덕궁,199222,452926,11110,종로구,11110615,종로1?2?3?4가동,40999,126.9911927073349,37.57588080606533
A,골목상권,3110020,서울국제고등학교,199598,454302,11110,종로구,11110650,혜화동,133692,126.9954484333874,37.58827871837829
A,골목상권,3110001,이북5도청사,196262,456660,11110,종로구,11110560,평창동,108529,126.95766519329227,37.60951658051797
A,골목상권,3110002,독립문역 1번,196220,452912,11110,종로구,11110570,무악동,31531,126.95720886112564,37.57574723987454
A,골목상권,3110003,세검정초등학교,196389,455998,11110,종로구,11110550,부암동,191570,126.95910679987408,37.60355253658663
A,골목상권,3110004,대신고등학교,196517,452627,11110,종로구,11110580,교남동,18781,126.96057237511422,37.57318057632959
A,골목상권,3110035,동묘앞역 2번,201699,452879,11110,종로구,11110710,숭인2동,95779,127.01923329716882,37.57545610038485
A,골목상권,3110011,청운초등학교,197219,454141,11110,종로구,11110515,청운효자동,26913,126.96851328295918,37.58682400830492
A,골목상권,3110012,성곡미술관,197292,452641,11110,종로구,11110530,사직동,124348,126.96934533653334,37.57330931964528
A,골목상권,3110013,체부동홍종문가옥,197340,453202,11110,종로구,11110530,사직동,17064,126.96988666293326,37.5783640380782
A,골목상권,3110014,경복고등학교,197484,453952,11110,종로구,11110515,청운효자동,63411,126.97151428391328,37.58512189400342
A,골목상권,3110015,청와대사랑채,197585,453623,11110,종로구,11110515,청운효자동,69399,126.97265887241487,37.582157896694056
A,골목상권,3110016,평창동동측,197827,457040,11110,종로구,11110560,평창동,522818,126.9753885072359,37.61294536602926
A,골목상권,3110005,세검정,196688,455706,11110,종로구,11110550,부암동,244923,126.96249418113779,37.60092276960328
A,골목상권,3110006,부암동주민센터,196701,454714,11110,종로구,11110550,부암동,91486,126.96264586419525,37.591984983800906
A,골목상권,3110007,사직공원(한국사회과학도서관),196895,452714,11110,종로구,11110530,사직동,80252,126.96485097296461,37.573965793267824
A,골목상권,3110037,신설동역 12번,201949,453159,11110,종로구,11110710,숭인2동,55232,127.02206413216838,37.577978389479746
A,골목상권,3110038,경향신문사,197253,451928,11140,중구,11140520,소공동,36893,126.96890652578769,37.56688510789925
A,골목상권,3110039,회현역 1번,198305,450967,11140,중구,11140540,회현동,9928,126.98081640265393,37.55822906707704
A,골목상권,3110021,성균관대학교,199759,453776,11110,종로구,11110650,혜화동,77655,126.99727149747922,37.58353955150116
A,골목상권,3110022,경신고등학교,199921,454166,11110,종로구,11110650,혜화동,60182,126.99910555256606,37.587053452651496
A,골목상권,3110023,서울대병원,200139,453265,11110,종로구,11110640,이화동,15969,127.00157360371887,37.578935494743384
A,골목상권,3110024,혜화동주민센터,200121,454192,11110,종로구,11110650,혜화동,52850,127.00136998074275,37.587287706215974
A,골목상권,3110025,충신시장옆,200370,452813,11110,종로구,11110630,종로5?6가동,39184,127.00418850120057,37.57486293640551
A,골목상권,3110026,종로5가역 4번,200477,452601,11110,종로구,11110630,종로5?6가동,16485,127.00539963254758,37.57295277820339
A,골목상권,3110027,혜화역 1번,200507,453618,11110,종로구,11110640,이화동,117673,127.00573993541379,37.58211587382123
A,골목상권,3110028,이화달팽이길,200575,452995,11110,종로구,11110640,이화동,159124,127.0065092999959,37.57650264132745
A,골목상권,3110029,동대문역 1번,200934,452953,11110,종로구,11110680,창신2동,153230,127.01057331374025,37.57612392961357
A,골목상권,3110030,동대문역 3번,201063,452656,11110,종로구,11110670,창신1동,9161,127.01203322302788,37.57344783562387
A,골목상권,3110031,창신역 1번,201298,453314,11110,종로구,11110690,창신3동,32878,127.01469460184781,37.579376077698974
A,골목상권,3110032,수족관거리,201321,452326,11110,종로구,11110670,창신1동,9323,127.01495320377123,37.570474218010425
A,골목상권,3110033,창신역 4번,201471,453118,11110,종로구,11110700,숭인1동,77869,127.01665273399279,37.57760986925303
A,골목상권,3110034,창신1동주민센터,201508,452344,11110,종로구,11110670,창신1동,29604,127.01707000762674,37.57063611007315
A,골목상권,3110057,황학코아루아파트,202013,451863,11140,중구,11140670,황학동,30230,127.02278510211976,37.56630135637733
A,골목상권,3110058,성심여자고등학교,195949,448136,11170,용산구,11170570,원효로2동,135620,126.95416739258842,37.53271444536362
A,골목상권,3110059,새남터성지,196084,447363,11170,용산구,11170640,이촌2동,56970,126.95569888787642,37.52575028754142
A,골목상권,3110036,동묘앞역 3번,201783,452612,11110,종로구,11110710,숭인2동,18431,127.02018355835784,37.57305028574799
A,골목상권,3110040,중구회현체육센터(정화예술대남산캠퍼스),198420,450734,11140,중구,11140540,회현동,76242,126.98211844625749,37.55612994758037
A,골목상권,3110041,남산케이블카,198659,450764,11140,중구,11140550,명동,130560,126.98482325928379,37.5564006254871
A,골목상권,3110042,남산골공원옆,199565,450784,11140,중구,11140570,필동,72607,126.99507688426245,37.55658169774501
A,골목상권,3110043,충무초등학교,200090,451226,11140,중구,11140580,장충동,110058,127.00101862988308,37.56056420346717
A,골목상권,3110044,관성묘,200294,451298,11140,중구,11140580,장충동,29575,127.00332755313305,37.5612128786751
A,골목상권,3110045,동대문역사문화공원역 5번,200434,451428,11140,중구,11140580,장충동,44820,127.0049121791401,37.56238411905503
A,골목상권,3110046,버티고개,200514,450225,11140,중구,11140625,다산동,58013,127.0058168073455,37.55154507908497
A,골목상권,3110047,다산성곽길,200639,450609,11140,중구,11140625,다산동,85386,127.00723173486928,37.55500483313109
A,골목상권,3110048,장충동주민센터,200749,451274,11140,중구,11140580,장충동,135606,127.00847731320725,37.56099638199899
A,골목상권,3110049,장충단 고개,200898,450889,11140,중구,11140625,다산동,70693,127.01016325011474,37.557527410235856
A,골목상권,3110053,청구역 1번,201118,451376,11140,중구,11140615,신당동,85550,127.01265387519811,37.56191502489969
A,골목상권,3110054,청구역 3번,201174,450806,11140,중구,11140645,청구동,69155,127.0132867887912,37.5567792722277
A,골목상권,3110056,신당역 3번,201855,451480,11140,중구,11140650,신당5동,129607,127.02099573525913,37.562850872583056
A,골목상권,3110079,후암동주민센터,198162,450065,11170,용산구,11170510,후암동,293041,126.97920022239718,37.55010179303207
A,골목상권,3110080,해방촌예술마을,198518,449757,11170,용산구,11170510,후암동,134562,126.98322952776942,37.5473273581668
A,골목상권,3110081,해방촌 남동측,198634,449401,11170,용산구,11170520,용산2가동,105010,126.98454285856135,37.544119980506025
A,골목상권,3110050,약수역 7번,200868,450316,11140,중구,11140635,약수동,34553,127.00982304292711,37.55236472210246
A,골목상권,3110051,한양공고앞 교차로,200997,451576,11140,중구,11140615,신당동,44893,127.01128463101034,37.5637171567379
A,골목상권,3110052,장충초등학교,201128,451117,11140,중구,11140625,다산동,68893,127.01276666015386,37.55958143097188
A,골목상권,3110060,효창공원앞역 6번,196339,448750,11170,용산구,11170590,용문동,94719,126.9585767524867,37.538248218205545
A,골목상권,3110061,효창동주민센터,196409,449179,11170,용산구,11170580,효창동,100249,126.95936668628885,37.54211378231579
A,골목상권,3110062,한강로동땡땡거리(은행나무길),196643,447278,11170,용산구,11170625,한강로동,132684,126.96202315666443,37.524986638584856
A,골목상권,3110063,효창공원앞역 5번,196702,448664,11170,용산구,11170590,용문동,110329,126.96268438684383,37.53747472736998
A,골목상권,3110064,효창공원앞역 2번,196816,449203,11170,용산구,11170580,효창동,131550,126.96397191654081,37.542331517069975
A,골목상권,3110082,용산구청,199212,448107,11170,용산구,11170650,이태원1동,71140,126.99108467693513,37.53246171216063
A,골목상권,3110083,서빙고역 1번,199271,446786,11170,용산구,11170690,서빙고동,58652,126.99175350506796,37.5205595234227
A,골목상권,3110084,경리단길북측,199236,449136,11170,용산구,11170660,이태원2동,225725,126.9913551393898,37.54173302689627
A,골목상권,3110085,경리단길남측,199260,448806,11170,용산구,11170660,이태원2동,181830,126.99162703817964,37.53875974659307
A,골목상권,3110086,이태원역 북측,199383,448588,11170,용산구,11170650,이태원1동,133757,126.99301894331595,37.53679565632451
A,골목상권,3110065,남정초등학교,196844,448550,11170,용산구,11170560,원효로1동,18065,126.96429155222101,37.53644808379059
A,골목상권,3110066,서울역 15번,197079,450403,11170,용산구,11170555,청파동,133737,126.96694307959059,37.55314437161729
A,골목상권,3110067,배문고등학교,197116,449954,11170,용산구,11170555,청파동,204936,126.96736357210598,37.54909900636352
A,골목상권,3110068,남영역 1번,197107,449013,11170,용산구,11170560,원효로1동,145312,126.96726543215075,37.54062057647328
A,골목상권,3110069,숙대입구,197161,449524,11170,용산구,11170555,청파동,173542,126.9678744716527,37.545224851300794
A,골목상권,3110070,용산세무서,197188,447141,11170,용산구,11170625,한강로동,8437,126.96818911909422,37.52375408705928
A,골목상권,3110071,한강미주맨션아파트,197152,446831,11170,용산구,11170630,이촌1동,27783,126.96778306850037,37.52096086871952
A,골목상권,3110072,열정도,197247,448836,11170,용산구,11170560,원효로1동,18090,126.96885020857862,37.539026235143446
A,골목상권,3110073,삼각지역 3번,197578,447973,11170,용산구,11170625,한강로동,41421,126.97259826981191,37.53125152806751
A,골목상권,3110074,서울역 12번,197716,450166,11170,용산구,11170530,남영동,105922,126.97415273729469,37.551010804376816
A,골목상권,3110075,숙대입구역 1번,197679,449714,11170,용산구,11170530,남영동,128905,126.9737354497403,37.54693819857306
A,골목상권,3110076,삼각지역 14번,197737,448386,11170,용산구,11170625,한강로동,8989,126.97439587249721,37.534973065762415
A,골목상권,3110077,삼광초등학교,197919,449884,11170,용산구,11170510,후암동,45797,126.97645081947958,37.54847046930043
A,골목상권,3110078,이촌동점보아파트,198068,446532,11170,용산구,11170630,이촌1동,14864,126.97814575970818,37.51826924146274
A,골목상권,3110110,상왕십리역 6번,202454,451618,11200,성동구,11200520,왕십리2동,51942,127.02777595118324,37.56409284717007
A,골목상권,3110111,대현산장미원,202636,450338,11200,성동구,11200580,응봉동,19485,127.02983134596822,37.55255958190154
A,골목상권,3110087,이태원엔틱가구거리,199502,448055,11170,용산구,11170650,이태원1동,52542,126.99436573207079,37.53199339365142
A,골목상권,3110088,오산고등학교,199685,447296,11170,용산구,11170690,서빙고동,96560,126.99643648116178,37.525154870964045
A,골목상권,3110089,서빙고동주민센터,199668,446947,11170,용산구,11170690,서빙고동,105979,126.99624432190274,37.52201036621853
A,골목상권,3110090,한국폴리텍대학서울정수캠퍼스,199734,447571,11170,용산구,11170700,보광동,97059,126.99699070678436,37.52763264213135
A,골목상권,3110091,리움미술관,199856,448602,11170,용산구,11170685,한남동,55141,126.99837070687353,37.53692199149617
A,골목상권,3110092,NH농협은행 보광동지점,199990,447728,11170,용산구,11170700,보광동,105153,126.99988686653968,37.529047253229294
A,골목상권,3110093,우사단길,200024,448092,11170,용산구,11170685,한남동,234768,127.00027153219374,37.532326898187094
A,골목상권,3110094,오산중학교,200102,447300,11170,용산구,11170700,보광동,21603,127.00115390189413,37.52519095917811
A,골목상권,3110095,한강진역 3번,200198,448658,11170,용산구,11170685,한남동,149192,127.00224029314316,37.537426541732394
A,골목상권,3110096,한남힐사이드아파트,200260,449313,11170,용산구,11170685,한남동,50068,127.0029420309497,37.543328076010035
A,골목상권,3110097,한남초등학교,200536,448696,11170,용산구,11170685,한남동,7814,127.00606465965808,37.53776878739838
A,골목상권,3110098,서울독일학교,200952,448510,11170,용산구,11170685,한남동,41414,127.01077131857866,37.53609259101001
A,골목상권,3110099,유엔빌리지길,201076,448324,11170,용산구,11170685,한남동,263187,127.01217403299694,37.53441659338167
A,골목상권,3110100,옥수동우편취급국,200870,449042,11200,성동구,11200645,옥수동,26060,127.0098441670749,37.54088599319175
A,골목상권,3110101,옥정중학교,201109,449012,11200,성동구,11200645,옥수동,23818,127.01254843888394,37.540615436825334
A,골목상권,3110102,옥수역 6번,201423,449294,11200,성동구,11200645,옥수동,34682,127.01610192459853,37.54315582494073
A,골목상권,3110103,옥수터널,201450,449586,11200,성동구,11200620,금호4가동,19057,127.0164080190828,37.54578670080503
A,골목상권,3110104,신금호역 4번,201782,450233,11200,성동구,11200615,금호2?3가동,66838,127.02016645992701,37.55161558009325
A,골목상권,3110108,성동구립금호도서관,202208,450534,11200,성동구,11200590,금호1가동,11778,127.02498830324593,37.55432666209703
A,골목상권,3110109,금호삼성래미안아파트,202316,450083,11200,성동구,11200590,금호1가동,29788,127.02620913408614,37.55026289597211
A,골목상권,3110129,성원어린이공원,204438,450088,11200,성동구,11200660,성수1가2동,70693,127.05022288091031,37.550300173836135
A,골목상권,3110130,답십리역 6번,204631,451780,11200,성동구,11200790,용답동,43065,127.05241765359236,37.56554409202081
A,골목상권,3110131,성수동카페거리,204716,449234,11200,성동구,11200670,성수2가1동,131865,127.05336339732489,37.54260426552024
A,골목상권,3110132,성수2가3동주민센터,204767,449989,11200,성동구,11200690,성수2가3동,76450,127.05394538390803,37.54940654342987
A,골목상권,3110136,경수초등학교,205299,449009,11200,성동구,11200670,성수2가1동,260628,127.05995864535373,37.540573851759774
A,골목상권,3110105,금동어린이공원,202076,449956,11200,성동구,11200615,금호2?3가동,69009,127.02349280272007,37.549119199553864
A,골목상권,3110106,금북초등학교,202140,450763,11200,성동구,11200590,금호1가동,21366,127.02421940373985,37.55639010690916
A,골목상권,3110107,금호사거리,202203,449734,11200,성동구,11200620,금호4가동,22191,127.02492931657964,37.5471186877979
A,골목상권,3110112,행당역 2번,202776,451078,11200,성동구,11200560,행당1동,68591,127.03141851074179,37.559226552054376
A,골목상권,3110113,응봉산,202786,449918,11200,성동구,11200580,응봉동,89115,127.03152728660245,37.54877494821614
A,골목상권,3110114,왕십리파출소,202776,451985,11200,성동구,11200535,왕십리도선동,27058,127.03142194280784,37.56739858855162
A,골목상권,3110133,서울교통공사,205004,451461,11200,성동구,11200790,용답동,80187,127.05663741161975,37.56266796519802
A,골목상권,3110134,성수119안전센터,205062,448509,11200,성동구,11200670,성수2가1동,222826,127.05727352526394,37.536070183843606
A,골목상권,3110135,성동세무서,205254,449984,11200,성동구,11200720,송정동,136762,127.0594564430696,37.549358847126776
A,골목상권,3110115,상왕십리역 3번,202799,451762,11200,성동구,11200535,왕십리도선동,80878,127.03168143212821,37.56538929826772
A,골목상권,3110116,청계천박물관,203093,452318,11200,성동구,11200540,마장동,98083,127.03501151510875,37.57039789376655
A,골목상권,3110117,성동구보건소,203124,451949,11200,성동구,11200540,마장동,49735,127.03536085082358,37.567073116003144
A,골목상권,3110118,왕십리역 9번,203170,450924,11200,성동구,11200560,행당1동,63575,127.03587710019502,37.55783774584384
A,골목상권,3110119,마장지하차도,203308,451914,11200,성동구,11200540,마장동,22524,127.03744340594395,37.5667571253321
A,골목상권,3110120,서울숲카페거리,203629,449746,11200,성동구,11200660,성수1가2동,34852,127.04106609796341,37.54722229826109
A,골목상권,3110121,한양대역 4번,203699,450806,11200,성동구,11200550,사근동,29267,127.04186356587266,37.55677259819984
A,골목상권,3110122,마장역 2번,203900,452033,11200,성동구,11200540,마장동,80335,127.04414491255056,37.56782699467488
A,골목상권,3110123,마장역 3번,203977,451906,11200,성동구,11200540,마장동,169553,127.04501580273998,37.56668240119376
A,골목상권,3110124,뚝섬역교차로,204001,450061,11200,성동구,11200660,성수1가2동,79596,127.04527739974368,37.5500589042001
A,골목상권,3110125,사근동살곶이상점가,204116,451277,11200,성동구,11200550,사근동,128923,127.04658561903601,37.56101452557501
A,골목상권,3110126,서울숲역 1번,204113,449554,11200,성동구,11200650,성수1가1동,18531,127.04654200941053,37.54549034888927
A,골목상권,3110127,성수1가1동주민센터,204367,449119,11200,성동구,11200650,성수1가1동,38774,127.0494136424359,37.54156983482148
A,골목상권,3110128,성원중학교,204412,448741,11200,성동구,11200650,성수1가1동,247340,127.04992055728603,37.53816384184272
A,골목상권,3110157,자양동우체국,207135,447836,11215,광진구,11215830,자양2동,115158,127.08072173589979,37.52999274825613
A,골목상권,3110158,중곡3동주민센터,207154,452135,11215,광진구,11215760,중곡3동,166799,127.08097858537985,37.56872649117577
A,골목상권,3110159,구의역 4번,207146,448388,11215,광진구,11215820,자양1동,210895,127.0808515528512,37.534966184561476
A,골목상권,3110160,광진경찰서,207370,449364,11215,광진구,11215850,구의1동,47848,127.08339573336079,37.543758173937306
A,골목상권,3110137,성수초등학교,205519,449630,11200,성동구,11200690,성수2가3동,330983,127.06245263029955,37.54616776510738
A,골목상권,3110138,송정체육공원,205936,450143,11200,성동구,11200720,송정동,102074,127.06717551903371,37.550787295336974
A,골목상권,3110139,자양4동주민센터,205610,448404,11215,광진구,11215847,자양4동,155861,127.06347301482698,37.53512096389572
A,골목상권,3110140,건대입구역 6번,205807,448790,11215,광진구,11215847,자양4동,179746,127.06570497470408,37.538597604470354
A,골목상권,3110141,건대입구역 1번,205871,449295,11215,광진구,11215710,화양동,67458,127.06643315762537,37.54314724564189
A,골목상권,3110142,화양사거리,206028,449645,11215,광진구,11215710,화양동,116892,127.06821255940088,37.54629972809252
A,골목상권,3110144,어린이대공원역 4번,206355,449631,11215,광진구,11215710,화양동,42830,127.07191275197118,37.54617139278924
A,골목상권,3110145,장안초등학교,206431,449938,11215,광진구,11215730,군자동,14956,127.07277545132337,37.548936930148834
A,골목상권,3110146,신자초등학교,206474,448005,11215,광진구,11215840,자양3동,106885,127.07324501528619,37.531520314025855
A,골목상권,3110147,능동우편취급국,206519,450742,11215,광진구,11215730,군자동,157029,127.07377843003759,37.55618033078989
A,골목상권,3110148,어린이대공원역 3번,206673,449538,11215,광진구,11215710,화양동,45757,127.07551037056552,37.545331218019335
A,골목상권,3110149,세종대학교,206730,450336,11215,광진구,11215730,군자동,45957,127.07616268636023,37.55252076660446
A,골목상권,3110150,중곡1동 마을마당,206780,451324,11215,광진구,11215740,중곡1동,159510,127.0767376585975,37.56142224668868
A,골목상권,3110151,자양한강도서관,206813,447963,11215,광진구,11215830,자양2동,107574,127.07707997341757,37.531139452835596
A,골목상권,3110152,중곡어린이공원,206897,451708,11215,광진구,11215740,중곡1동,50806,127.07806550149179,37.56488120178216
A,골목상권,3110153,중곡1동주민센터,207018,451220,11215,광진구,11215740,중곡1동,50068,127.0794304023093,37.56048342937615
A,골목상권,3110156,군자역 5번,207110,450472,11215,광진구,11215780,능동,153696,127.08046441912305,37.55374327045005
A,골목상권,3110174,아차산역 1번,208044,450658,11215,광진구,11215770,중곡4동,103458,127.0910365963174,37.55541144781092
A,골목상권,3110175,푸른동산공원,208057,449077,11215,광진구,11215870,구의3동,96115,127.0911663709489,37.541166562279685
A,골목상권,3110178,장로회신학대학교,209139,449838,11215,광진구,11215810,광장동,45933,127.1034188452257,37.548013069290455
A,골목상권,3110179,광나루역 1번,209122,449629,11215,광진구,11215810,광장동,42085,127.10322387327058,37.54613015293001
A,골목상권,3110154,광진정말공원,206980,448178,11215,광진구,11215820,자양1동,102102,127.07897139566221,37.53307535534298
A,골목상권,3110155,광진구청,207007,448746,11215,광진구,11215820,자양1동,97314,127.07928228984191,37.53819282960434
A,골목상권,3110161,중곡역 3번,207394,452066,11215,광진구,11215760,중곡3동,141901,127.08369452966215,37.56810291017622
A,골목상권,3110162,군자역 4번,207315,450952,11215,광진구,11215750,중곡2동,70945,127.08278920214391,37.55806645047751
A,골목상권,3110143,뚝섬유원지역 1번,206062,448266,11215,광진구,11215840,자양3동,8061,127.06858591973413,37.53387472420694
A,골목상권,3110176,해오름공원,208142,450925,11215,광진구,11215770,중곡4동,135318,127.09214865556346,37.557816247579865
A,골목상권,3110177,동의초등학교,208409,450329,11215,광진구,11215860,구의2동,29079,127.09516364702064,37.55244391167489
A,골목상권,3110163,성자초등학교,207457,447914,11215,광진구,11215830,자양2동,66483,127.08436546700541,37.53069298250582
A,골목상권,3110164,아차산역 5번,207531,450418,11215,광진구,11215780,능동,85050,127.08522834987414,37.55325338910614
A,골목상권,3110165,국립정신건강센터,207575,451405,11215,광진구,11215750,중곡2동,95687,127.08573648594626,37.56214586200675
A,골목상권,3110166,구의1동주민센터,207558,449057,11215,광진구,11215850,구의1동,131620,127.08551989838477,37.54099058656442
A,골목상권,3110167,용마초등학교,207600,450940,11215,광진구,11215750,중곡2동,154354,127.08601462792421,37.557956025147156
A,골목상권,3110168,대원고등학교,207751,451529,11215,광진구,11215770,중곡4동,58514,127.0877298231472,37.563261633023764
A,골목상권,3110169,성동초등학교,207787,448123,11215,광진구,11215830,자양2동,75500,127.08810116387241,37.532573346901124
A,골목상권,3110170,동대부여고,207834,449143,11215,광진구,11215850,구의1동,120727,127.08864379358764,37.54176314249194
A,골목상권,3110171,중곡4동주민센터,207882,451145,11215,광진구,11215770,중곡4동,47879,127.08920842188094,37.55980069876591
A,골목상권,3110172,광진초등학교,207912,449734,11215,광진구,11215860,구의2동,95499,127.08953275126271,37.5470873761971
A,골목상권,3110173,구남초등학교,208034,448444,11215,광진구,11215870,구의3동,49267,127.09089919867607,37.53546343842295
A,골목상권,3110180,광진정보도서관,209612,449948,11215,광진구,11215810,광장동,74699,127.10877284422423,37.54899935681124
A,골목상권,3110181,신설동역 9번,202420,452524,11230,동대문구,11230536,용신동,141747,127.02739410669473,37.57225595717022
A,골목상권,3110182,용두희망어린이공원,202420,453440,11230,동대문구,11230536,용신동,59118,127.02739713026659,37.58050906531533
A,골목상권,3110183,한국의류시험연구원,202502,453159,11230,동대문구,11230536,용신동,43441,127.0283245035762,37.577977053366055
A,골목상권,3110206,텃골근린공원,204578,453280,11230,동대문구,11230560,전농1동,100623,127.05182711868238,37.57905927730038
A,골목상권,3110207,시립대앞사거리,204615,453829,11230,동대문구,11230560,전농1동,29327,127.05224944885282,37.5840055457555
A,골목상권,3110208,시조사삼거리,204642,454283,11230,동대문구,11230710,회기동,42223,127.05255800941232,37.58809591637845
A,골목상권,3110209,답십리 장령당공원,204595,452273,11230,동대문구,11230600,답십리1동,27972,127.05201326325202,37.569986179498024
A,골목상권,3110184,용두사거리,202616,453006,11230,동대문구,11230536,용신동,24379,127.02961452237629,37.576598215552956
A,골목상권,3110185,용두초등학교,202597,452773,11230,동대문구,11230536,용신동,28847,127.0293986069025,37.57449895224492
A,골목상권,3110186,종암초등학교,202689,453592,11230,동대문구,11230545,제기동,22890,127.03044307101194,37.58187782946985
A,골목상권,3110187,제기동역 6번,202876,452949,11230,동대문구,11230536,용신동,159981,127.03255763774018,37.576083873726574
A,골목상권,3110188,용두동신동아아파트,202873,452509,11230,동대문구,11230536,용신동,152517,127.0325219523249,37.57211950664692
A,골목상권,3110189,제기동역 1번,202945,453360,11230,동대문구,11230545,제기동,88499,127.03334040032198,37.57978674126847
A,골목상권,3110190,고대앞사거리,203021,453940,11230,동대문구,11230545,제기동,101416,127.03420318826822,37.58501225661796
A,골목상권,3110195,동대문구청,203596,452957,11230,동대문구,11230536,용신동,115383,127.04070840517555,37.57615342395652
A,골목상권,3110196,홍릉근린공원,203626,454245,11230,동대문구,11230705,청량리동,37314,127.04105439111026,37.587758100801
A,골목상권,3110197,세종대왕기념관교차로,203649,454572,11230,동대문구,11230705,청량리동,24771,127.04131643081573,37.59070425456956
A,골목상권,3110198,동대문중앙새마을금고본점,203744,453658,11230,동대문구,11230545,제기동,16140,127.04238741447575,37.58246880047867
A,골목상권,3110199,홍릉시장,203766,453910,11230,동대문구,11230545,제기동,69877,127.04263778068552,37.58473921335797
A,골목상권,3110200,동대문경찰서,203921,453959,11230,동대문구,11230705,청량리동,35357,127.04439291652311,37.585180052932714
A,골목상권,3110201,전농119안전센터,204076,452936,11230,동대문구,11230560,전농1동,24149,127.04614211184621,37.57596221631625
A,골목상권,3110202,전농1동주민센터(전농시장),204193,453064,11230,동대문구,11230560,전농1동,29821,127.04746733493131,37.57711496364349
A,골목상권,3110203,떡전교사거리,204277,453931,11230,동대문구,11230705,청량리동,46180,127.04842332523857,37.58492619031005
A,골목상권,3110191,고려대역 6번,203181,454240,11230,동대문구,11230545,제기동,79173,127.03601597985491,37.58771469603436
A,골목상권,3110192,동의보감타워,203304,453083,11230,동대문구,11230536,용신동,33231,127.03740339685274,37.577289770260045
A,골목상권,3110193,고려대역 4번,203326,454482,11230,동대문구,11230545,제기동,67780,127.03765879988195,37.58989458516888
A,골목상권,3110194,홍파초등학교,203549,453894,11230,동대문구,11230545,제기동,87946,127.04018087997777,37.584595916352306
A,골목상권,3110204,간데메공원,204495,452665,11230,동대문구,11230600,답십리1동,122554,127.05088371301225,37.573518572379605
A,골목상권,3110205,경희대삼거리,204533,454605,11230,동대문구,11230710,회기동,88816,127.0513258738915,37.59099765389255
A,골목상권,3110228,장안근린공원,206152,452923,11230,동대문구,11230660,장안2동,177937,127.0696432221665,37.5758335619501
A,골목상권,3110229,장평중학교,206184,451672,11230,동대문구,11230650,장안1동,205648,127.06999492654315,37.56456190380795
A,골목상권,3110230,장안현대홈타운1차아파트,206324,452165,11230,동대문구,11230660,장안2동,79796,127.07158379588344,37.56900286007882
A,골목상권,3110231,장안교,206478,453482,11230,동대문구,11230660,장안2동,8256,127.07333861604,37.58086788021461
A,골목상권,3110232,동대부고,206490,453086,11230,동대문구,11230660,장안2동,104535,127.07347096415802,37.577299862320345
A,골목상권,3110223,군자초등학교,205576,451597,11230,동대문구,11230650,장안1동,43581,127.06311258247126,37.56389003637337
A,골목상권,3110224,외대앞역 2번,205611,454967,11230,동대문구,11230720,휘경1동,45770,127.06353452878629,37.59425330406559
A,골목상권,3110225,촬영소사거리,205617,452236,11230,동대문구,11230610,답십리2동,54806,127.06358153868928,37.569647147721206
A,골목상권,3110210,서울시립대,204784,454008,11230,동대문구,11230560,전농1동,110970,127.05416397669767,37.585617460347805
A,골목상권,3110211,전곡마을마당공원,204828,453365,11230,동대문구,11230560,전농1동,126403,127.05465790447084,37.5798238453243
A,골목상권,3110212,답십리초등학교,204987,452276,11230,동대문구,11230600,답십리1동,80982,127.05645053947013,37.570011170999635
A,골목상권,3110213,청량초등학교,205004,454831,11230,동대문구,11230740,이문1동,35455,127.05666041481288,37.59303145545398
A,골목상권,3110214,경희대후문,204987,455329,11230,동대문구,11230740,이문1동,79862,127.056471314137,37.59751848344088
A,골목상권,3110215,회기역 1번,205156,454641,11230,동대문구,11230720,휘경1동,51478,127.05838017647953,37.59131873274638
A,골목상권,3110216,전농중학교,205156,453263,11230,동대문구,11230570,전농2동,65069,127.0583704812324,37.57890305419834
A,골목상권,3110217,자동차부품상가,205207,451743,11230,동대문구,11230610,답십리2동,56649,127.05893705293438,37.56520764897779
A,골목상권,3110218,답십리사거리,205138,452341,11230,동대문구,11230610,답십리2동,82160,127.05816024441098,37.57059598801341
A,골목상권,3110219,삼육보건대학교,205315,454241,11230,동대문구,11230730,휘경2동,179445,127.06017759350853,37.587713860831755
A,골목상권,3110220,외대앞역 1번,205403,455074,11230,동대문구,11230740,이문1동,98625,127.06118009171786,37.59521860885541
A,골목상권,3110221,의릉,205397,456047,11290,성북구,11290810,석관동,47130,127.06111932250863,37.60398528040108
A,골목상권,3110222,회기역 2번,205428,454564,11230,동대문구,11230720,휘경1동,10334,127.06145939648698,37.59062340568325
A,골목상권,3110226,장안1동주민센터,205884,452160,11230,동대문구,11230650,장안1동,285861,127.06660322921046,37.568960725192056
A,골목상권,3110227,답십리공원,205920,452959,11230,동대문구,11230610,답십리2동,55458,127.06701717715495,37.57615943992586
A,골목상권,3110254,오거리공원,207331,453019,11260,중랑구,11260570,면목7동,165615,127.08299094516109,37.57668988738031
A,골목상권,3110255,상봉역 4번,207311,454906,11260,중랑구,11260590,상봉2동,191245,127.0827833599205,37.593691768235416
A,골목상권,3110233,중랑역 1번,206528,455158,11260,중랑구,11260610,중화2동,124330,127.07391960683593,37.59596815056542
A,골목상권,3110234,중랑역 4번,206502,454920,11260,중랑구,11260610,중화2동,58421,127.07362308419515,37.59382397632805
A,골목상권,3110235,세화어린이공원,206594,455445,11260,중랑구,11260610,중화2동,32631,127.07466953919862,37.598553522824396
A,골목상권,3110236,신묵초등학교,206616,456591,11260,중랑구,11260630,묵2동,180650,127.07492901956759,37.60887870447146
A,골목상권,3110237,메가박스 상봉,206601,454652,11260,중랑구,11260520,면목2동,124410,127.07474165969481,37.591408615387756
A,골목상권,3110238,배꽃어린이공원,206668,456017,11260,중랑구,11260610,중화2동,29174,127.07551271298087,37.603706651767816
A,골목상권,3110239,중랑역 2번,206763,455188,11260,중랑구,11260610,중화2동,10368,127.07658089696211,37.59623675120172
A,골목상권,3110243,중랑노인종합복지관,206888,454287,11260,중랑구,11260520,면목2동,128302,127.0779878628827,37.58811789372319
A,골목상권,3110244,중화역 4번,206912,455985,11260,중랑구,11260610,중화2동,63066,127.07827562121437,37.60341653482143
A,골목상권,3110245,KB국민은행 중화동지점,206956,455282,11260,중랑구,11260610,중화2동,62374,127.0787672252466,37.59708224403993
A,골목상권,3110246,월드순복음교회,206971,454832,11260,중랑구,11260590,상봉2동,87353,127.07893279696668,37.593027672289224
A,골목상권,3110247,먹골역 1번,207001,456738,11260,중랑구,11260620,묵1동,148439,127.07929071096504,37.610200308625146
A,골목상권,3110248,먹골파출소,207107,457297,11260,중랑구,11260620,묵1동,37643,127.08049665488883,37.61523601878214
A,골목상권,3110249,중화역 1번,207071,456080,11260,중랑구,11260600,중화1동,170317,127.08007714819284,37.60427126674587
A,골목상권,3110250,화랑대역 7번,207225,457577,11260,중랑구,11260620,묵1동,39367,127.08183593250513,37.61775786420861
A,골목상권,3110240,태릉시장 특화거리,206782,455390,11260,중랑구,11260610,중화2동,45536,127.07679791399993,37.598056612126726
A,골목상권,3110241,먹골역 5번,206829,456519,11260,중랑구,11260630,묵2동,99076,127.07734066163741,37.60822843634927
A,골목상권,3110242,면목5동주민센터,206907,453904,11260,중랑구,11260550,면목5동,105010,127.07819937597111,37.58466695176947
A,골목상권,3110251,장안중학교,207245,455571,11260,중랑구,11260600,중화1동,90556,127.08204261261062,37.59968387623888
A,골목상권,3110252,장안제일시장,207210,453972,11260,중랑구,11260550,면목5동,121544,127.0816305342528,37.58527730400473
A,골목상권,3110253,중곡초등학교,207294,452626,11260,중랑구,11260540,면목4동,86503,127.08256817561062,37.57314927575237
A,골목상권,3110277,러스크서울병원,209068,455483,11260,중랑구,11260655,망우본동,118173,127.10268520613624,37.598874850037376
A,골목상권,3110278,망우본동주민센터,209142,455775,11260,중랑구,11260655,망우본동,137523,127.10352681954076,37.60150500683647
A,골목상권,3110272,신내1동주민센터,208691,456291,11260,중랑구,11260680,신내1동,146352,127.09842568909319,37.60615847906632
A,골목상권,3110273,장스여성병원,208719,455672,11260,중랑구,11260680,신내1동,69230,127.09873541769939,37.600581092452465
A,골목상권,3110256,면목2동체육관,207297,454482,11260,중랑구,11260520,면목2동,221861,127.0826206130532,37.589871676851374
A,골목상권,3110257,상봉역 7번,207583,455462,11260,중랑구,11260580,상봉1동,114328,127.08586900294162,37.598699074518215
A,골목상권,3110258,면동초등학교,207582,454086,11260,중랑구,11260565,면목본동,111432,127.08584343751289,37.58630144712347
A,골목상권,3110259,사가정역 1번,207605,453638,11260,중랑구,11260575,면목3?8동,86298,127.08609919438236,37.582264812341826
A,골목상권,3110260,면목역 3번,207615,454450,11260,중랑구,11260565,면목본동,65941,127.08622084620522,37.58958078442301
A,골목상권,3110261,사가정역 4번,207796,453176,11260,중랑구,11260570,면목7동,109503,127.08825666448381,37.57810062863918
A,골목상권,3110262,상봉역 3번,207850,454983,11260,중랑구,11260590,상봉2동,121975,127.08888734246219,37.5943810926847
A,골목상권,3110263,면목역 1번,207934,454695,11260,중랑구,11260565,면목본동,152104,127.08983537331045,37.59178551911678
A,골목상권,3110264,면목역 2번,208090,454193,11260,중랑구,11260565,면목본동,216948,127.09159619054651,37.58726118530816
A,골목상권,3110265,망우역 1번,208182,455535,11260,중랑구,11260580,상봉1동,164846,127.0926528164819,37.59935166722568
A,골목상권,3110266,면목동우체국,208094,453739,11260,중랑구,11260575,면목3?8동,114047,127.09163646470414,37.5831706467708
A,골목상권,3110267,망우역 2번,207896,455693,11260,중랑구,11260580,상봉1동,125682,127.08941586511447,37.60077772897528
A,골목상권,3110268,망우3동주민센터,208341,454702,11260,중랑구,11260660,망우3동,71237,127.09444384127862,37.591844991057506
A,골목상권,3110269,용마문화복지센터,208386,454301,11260,중랑구,11260575,면목3?8동,50066,127.09494877873335,37.5882316079015
A,골목상권,3110270,혜원여고,208593,454695,11260,중랑구,11260660,망우3동,35644,127.09729711212769,37.59177960411285
A,골목상권,3110271,신내역 1번,208737,457334,11260,중랑구,11260680,신내1동,112596,127.0989590897488,37.615555346402026
A,골목상권,3110274,서일대학교,208722,454449,11260,중랑구,11260575,면목3?8동,164098,127.09875482708568,37.58956195338933
A,골목상권,3110275,하나은행 망우동지점,208807,455418,11260,중랑구,11260655,망우본동,35477,127.0997288883947,37.59829174113322
A,골목상권,3110276,신내IC북측,209033,457638,11260,중랑구,11260680,신내1동,118914,127.10231546366488,37.61829148719481
A,골목상권,3110320,KB국민은행 종암동지점,203263,455041,11290,성북구,11290705,종암동,52907,127.03694796929915,37.59493135476554
A,골목상권,3110321,동덕여대,203580,456395,11290,성북구,11290715,월곡1동,8750,127.04054407836352,37.60712958714902
A,골목상권,3110322,장위1동주민센터,203690,457290,11290,성북구,11290760,장위1동,84262,127.04179435821293,37.61519300306757
A,골목상권,3110323,상월곡역 1번,203943,456250,11290,성북구,11290725,월곡2동,83644,127.04465432991722,37.605821668355986
A,골목상권,3110279,신내역 2번,209821,457041,11260,중랑구,11260680,신내1동,481217,127.11123299633104,37.61290451995758
A,골목상권,3110280,북정마을,199134,454845,11290,성북구,11290525,성북동,151078,126.99019424206371,37.59317078671974
A,골목상권,3110281,길상사,199476,455329,11290,성북구,11290525,성북동,244583,126.99406637755725,37.597531843936665
A,골목상권,3110282,국민대학교앞,199894,456476,11290,성북구,11290640,정릉3동,69438,126.99879952100844,37.607866347041465
A,골목상권,3110283,성북초등학교앞,199941,454796,11290,성북구,11290525,성북동,42242,126.99933194422123,37.59272970611246
A,골목상권,3110284,정릉북한산국립공원입구,199916,457667,11290,성북구,11290650,정릉4동,57402,126.99904854031827,37.6185971259526
A,골목상권,3110285,홍대부중,200122,454958,11290,성북구,11290525,성북동,90071,127.00138143045521,37.5941893066819
A,골목상권,3110286,한성대입구역 5번,200267,454472,11290,성북구,11290525,성북동,112177,127.00302311738922,37.58981045467751
A,골목상권,3110287,정릉3동주민센터,200322,456640,11290,성북구,11290640,정릉3동,60168,127.00364681020984,37.609343919599404
A,골목상권,3110288,동구여중,200468,454617,11290,성북구,11290525,성북동,82760,127.00529903995135,37.59111681326029
A,골목상권,3110289,북한산보국문역 2번,200613,456596,11290,성북구,11290640,정릉3동,162270,127.00694249312983,37.60894733639276
A,골목상권,3110290,북한산보국문역 1번,200797,457090,11290,성북구,11290650,정릉4동,45706,127.00902691154116,37.61339808159277
A,골목상권,3110298,솔숲어린이공원,201379,456103,11290,성북구,11290620,정릉1동,37902,127.0156168492766,37.60450462764689
A,골목상권,3110299,정릉역 1번,201588,455814,11290,성북구,11290620,정릉1동,140910,127.01798309800381,37.60190042877038
A,골목상권,3110300,삼선동주민센터,201728,454413,11290,성북구,11290600,안암동,155662,127.01956520434038,37.58927728633153
A,골목상권,3110301,성신여대입구역 7번,201622,455143,11290,성북구,11290575,동선동,107374,127.01836664037195,37.59585472017824
A,골목상권,3110302,보문역 8번,201699,453779,11290,성북구,11290610,보문동,67532,127.01923538316017,37.58356504559915
A,골목상권,3110303,성신여대입구역 1번,201864,454954,11290,성북구,11290575,동선동,109299,127.02110643481099,37.59415138795524
A,골목상권,3110304,보문역 4번,201853,454151,11290,성북구,11290600,안암동,93288,127.02097984870431,37.58691644266694
A,골목상권,3110305,보문역 5번,201956,453872,11290,성북구,11290600,안암동,147424,127.02214528008177,37.58440245928824
A,골목상권,3110306,미아초등학교,201991,456550,11290,성북구,11290660,길음1동,32625,127.02254882002873,37.6085309312644
A,골목상권,3110307,길음역 7번,202044,456064,11290,성북구,11290660,길음1동,55213,127.02314770784841,37.60415200470216
A,골목상권,3110308,길음역 8번,202156,456410,11290,성북구,11290685,길음2동,84969,127.02441709427482,37.607269174073934
A,골목상권,3110309,대광초등학교,202174,453492,11290,성북구,11290600,안암동,72678,127.02461228720487,37.58097819555142
A,골목상권,3110291,한성대입구역 3번,200879,454012,11290,성북구,11290555,삼선동,175682,127.00995195817097,37.58566550742506
A,골목상권,3110292,정릉역 2번,200997,456070,11290,성북구,11290630,정릉2동,21672,127.01129074465919,37.60420779405496
A,골목상권,3110293,삼선중학교,200919,454642,11290,성북구,11290525,성북동,79830,127.01040562471103,37.59134172158123
A,골목상권,3110294,서경대학교,201084,456815,11290,성북구,11290650,정릉4동,193247,127.01227709840207,37.61092006857486
A,골목상권,3110295,정릉우체국,201097,456370,11290,성북구,11290630,정릉2동,153101,127.01242366605265,37.606910650147945
A,골목상권,3110296,성신여대입구역 4번,201319,454904,11290,성북구,11290575,동선동,59460,127.01493520393063,37.59370183429791
A,골목상권,3110297,경동고등학교,201254,454294,11290,성북구,11290555,삼선동,167263,127.01419815660745,37.588205872807336
A,골목상권,3110310,길음역 10번,202327,456085,11290,성북구,11290685,길음2동,21941,127.02635266731652,37.604340540516574
A,골목상권,3110311,종암아이파크2차후문,202513,455454,11290,성북구,11290705,종암동,26270,127.0284569029531,37.59865480140486
A,골목상권,3110312,안암역 2번,202569,454348,11290,성북구,11290600,안암동,85118,127.0290871611702,37.58868967882518
A,골목상권,3110313,안암역 3번,202623,453826,11290,성북구,11290600,안암동,82289,127.02969670042593,37.58398634417268
A,골목상권,3110314,종암경찰서,202860,455730,11290,성북구,11290705,종암동,84094,127.03238736566581,37.60114052292245
A,골목상권,3110315,종암아이파크2차,202967,455307,11290,성북구,11290705,종암동,92801,127.03359734683603,37.59732899315395
A,골목상권,3110316,숭곡초등학교,203036,456508,11290,성북구,11290715,월곡1동,180619,127.03438366024915,37.60814966101142
A,골목상권,3110317,종암중학교,203017,454857,11290,성북구,11290705,종암동,91409,127.03416167700084,37.59327436938832
A,골목상권,3110318,KT월곡지사,203090,456010,11290,성북구,11290715,월곡1동,76869,127.03499312523303,37.60366255226508
A,골목상권,3110319,종암동주민센터,203175,455519,11290,성북구,11290705,종암동,98376,127.03595359013545,37.59923839992779
A,골목상권,3110353,수유동우체국,201429,460733,11305,강북구,11305625,수유2동,75187,127.0161921338146,37.6462202452816
A,골목상권,3110354,삼각산119안전센터,201493,457814,11305,강북구,11305575,삼각산동,17571,127.01691136280665,37.61992037016402
A,골목상권,3110347,구세군강북종합사회복지관,201194,458466,11305,강북구,11305534,삼양동,32980,127.0135256237899,37.625795244156954
A,골목상권,3110348,강북문화예술회관,201295,460283,11305,강북구,11305660,인수동,122433,127.01467296968984,37.64216601575762
A,골목상권,3110349,화계역 2번,201298,459290,11305,강북구,11305615,수유1동,26807,127.01470519772923,37.63321923019276
A,골목상권,3110324,월곡역 4번,204165,456212,11290,성북구,11290725,월곡2동,26587,127.04716825479821,37.60547831423583
A,골목상권,3110325,장곡초등학교,204065,457480,11290,성북구,11290760,장위1동,104685,127.04604280668192,37.6169032997047
A,골목상권,3110326,장위동성당,204220,456971,11290,성북구,11290760,장위1동,45509,127.04779550055447,37.612316571314174
A,골목상권,3110327,상월곡역 2번,204404,456574,11290,성북구,11290770,장위2동,117350,127.049877085475,37.60873878305574
A,골목상권,3110328,상월곡역 3번,204494,456315,11290,성북구,11290810,석관동,88297,127.05089478154424,37.606404785549785
A,골목상권,3110329,우리은행체육관,204694,457411,11290,성북구,11290770,장위2동,88610,127.05316682029753,37.61627862322277
A,골목상권,3110330,돌곶이역 1번,204785,456784,11290,성북구,11290770,장위2동,72476,127.05419343609921,37.61062895729644
A,골목상권,3110331,돌곶이역 8번,205071,456537,11290,성북구,11290810,석관동,105931,127.05743087131309,37.6084019827491
A,골목상권,3110332,돌곶이역 3번,205180,456985,11290,성북구,11290770,장위2동,34428,127.05866850498415,37.61243780519847
A,골목상권,3110333,돌곶이역 5번,205235,456656,11290,성북구,11290810,석관동,67373,127.0592890795929,37.60947324115329
A,골목상권,3110334,석관중앙교회,205523,456497,11290,성북구,11290810,석관동,84276,127.0625496269382,37.608038984981924
A,골목상권,3110335,석계역 7번,205645,457031,11290,성북구,11290810,석관동,140761,127.06393543121227,37.612849524067954
A,골목상권,3110336,석관고등학교,205718,456720,11290,성북구,11290810,석관동,62554,127.0647598010375,37.610046998999536
A,골목상권,3110337,아카데미하우스,200625,460586,11305,강북구,11305660,인수동,120638,127.00708180832324,37.64489669765556
A,골목상권,3110338,인수초등학교,200883,460186,11305,강북구,11305660,인수동,99103,127.0100046954134,37.64129254908436
A,골목상권,3110339,국립4.19민주묘지,200907,460881,11305,강북구,11305645,우이동,12372,127.01027748641563,37.64755436460286
A,골목상권,3110340,인수중학교,200791,460520,11305,강북구,11305660,인수동,50149,127.00896266514627,37.644301920321155
A,골목상권,3110341,북한산우이역 2번,200835,462472,11305,강북구,11305645,우이동,140183,127.00946345210346,37.66188906345276
A,골목상권,3110342,국립재활원,201078,459717,11305,강북구,11305660,인수동,62499,127.01221342106832,37.63706672227932
A,골목상권,3110343,무너미어린이공원,201054,460584,11305,강북구,11305645,우이동,105257,127.0119427585941,37.644878286044325
A,골목상권,3110344,화계중학교,201103,459244,11305,강북구,11305615,수유1동,38830,127.01249594998643,37.63280503139888
A,골목상권,3110366,광산사거리,202157,460441,11305,강북구,11305635,수유3동,57563,127.02444030791094,37.64358795179582
A,골목상권,3110345,솔밭공원역 2번,201113,461962,11305,강북구,11305645,우이동,103855,127.01261338082156,37.65729376201776
A,골목상권,3110346,4.19민주묘지역 2번,201112,461090,11305,강북구,11305645,우이동,60794,127.01260072039511,37.64943719463744
A,골목상권,3110350,가오리역 2번,201343,459984,11305,강북구,11305660,인수동,75348,127.01521628317677,37.63947200306674
A,골목상권,3110351,수유북부시장옆,201375,459629,11305,강북구,11305660,인수동,78839,127.01557817756292,37.63627345900942
A,골목상권,3110352,수유1동주민센터,201422,458947,11305,강북구,11305615,수유1동,134108,127.01610934145873,37.6301286649574
A,골목상권,3110371,삼양입구사거리,202451,457427,11305,강북구,11305555,송천동,62809,127.02776142881001,37.6164314927593
A,골목상권,3110372,강북중학교,202506,460397,11305,강북구,11305635,수유3동,82483,127.0283945689594,37.643190633332985
A,골목상권,3110355,삼양사거리역 2번,201603,458000,11305,강북구,11305534,삼양동,101492,127.01815775151192,37.621596021966724
A,골목상권,3110356,덕수교,201609,460954,11305,강북구,11305625,수유2동,102062,127.01823221742598,37.64821112137031
A,골목상권,3110357,가오리역 1번,201573,460422,11305,강북구,11305625,수유2동,47879,127.01782314180417,37.643417950047436
A,골목상권,3110360,수유초등학교,201790,459211,11305,강북구,11305615,수유1동,106526,127.02027893106107,37.63250662510774
A,골목상권,3110361,삼양사거리역 1번,201938,457918,11305,강북구,11305555,송천동,74852,127.02195219826604,37.620856567278494
A,골목상권,3110362,우이천 계성교,201964,460744,11305,강북구,11305625,수유2동,142902,127.02225429849477,37.646318365703095
A,골목상권,3110363,송천동주민센터,202008,457606,11305,강북구,11305555,송천동,26098,127.02274424891579,37.618045335235756
A,골목상권,3110364,미아역 8번,202029,458632,11305,강북구,11305535,미아동,127150,127.02298495804368,37.62728941870225
A,골목상권,3110365,미아역 5번,202059,458234,11305,강북구,11305535,미아동,115228,127.02332368413528,37.623703424347134
A,골목상권,3110358,인수동 우편취급국,201703,459587,11305,강북구,11305635,수유3동,111455,127.01929418298732,37.63589449602717
A,골목상권,3110359,수유시장옆,201763,459911,11305,강북구,11305635,수유3동,135413,127.01997473599367,37.63881357448498
A,골목상권,3110367,강북구청,202105,460127,11305,강북구,11305635,수유3동,63938,127.02385020735761,37.64075898169978
A,골목상권,3110368,송천초등학교,202139,457232,11305,강북구,11305555,송천동,105075,127.02422696852264,37.61467534388805
A,골목상권,3110369,성신여대운정그린캠퍼스,202277,459283,11305,강북구,11305535,미아동,133932,127.02579638357507,37.633154257577395
A,골목상권,3110370,도봉세무서,202381,457675,11305,강북구,11305555,송천동,108984,127.0269693758849,37.61866612696216
A,골목상권,3110396,쌍문역1번(쌍리단길),203218,460963,11320,도봉구,11320511,창1동,52971,127.03646447195635,37.64828798329227
A,골목상권,3110397,도봉산입구,203332,464982,11320,도봉구,11320521,도봉1동,542024,127.03777459924743,37.684497981920416
A,골목상권,3110398,쌍문2동우체국,203278,461696,11320,도봉구,11320670,쌍문2동,102318,127.03714764587913,37.654891974674136
A,골목상권,3110399,창2동주민센터,203454,460218,11320,도봉구,11320512,창2동,161205,127.03913516200645,37.64157479754697
A,골목상권,3110390,방학초등학교,202823,462590,11320,도봉구,11320700,방학2동,61821,127.0319948557538,37.66294826180096
A,골목상권,3110391,샘말어린이공원,202929,463310,11320,도봉구,11320700,방학2동,245401,127.03319911031681,37.66943498973112
A,골목상권,3110392,발바닥공원,202856,462194,11320,도봉구,11320681,쌍문4동,10355,127.03236731659005,37.659380273733284
A,골목상권,3110393,국민은행방학지점,202933,462499,11320,도봉구,11320710,방학3동,21358,127.03324118997118,37.66212802425333
A,골목상권,3110373,수유역 2번,202534,459700,11305,강북구,11305595,번1동,84732,127.02870941001596,37.63691069400108
A,골목상권,3110374,송중초등학교,202711,457804,11305,강북구,11305545,송중동,204374,127.0307077341858,37.61982748768701
A,골목상권,3110375,서울북부고용노동지청,202797,459422,11305,강북구,11305603,번2동,58262,127.03168805185044,37.63440519237552
A,골목상권,3110376,수송초등학교,202774,459976,11305,강북구,11305595,번1동,208928,127.03142958043486,37.63939671921139
A,골목상권,3110377,미아사거리역 3번,202936,456864,11305,강북구,11305545,송중동,35635,127.03325255681031,37.61135750702981
A,골목상권,3110378,송중동주민센터,203052,457230,11305,강북구,11305545,송중동,53154,127.0345678760869,37.61465474806964
A,골목상권,3110379,KTNG 북부지사,203145,459526,11305,강북구,11305595,번1동,32184,127.0356310949828,37.635341092364456
A,골목상권,3110380,강북문화정보도서관,203187,458642,11305,강북구,11305603,번2동,40504,127.03610307823747,37.6273762328044
A,골목상권,3110381,번동주공2단지,203912,458714,11305,강북구,11305608,번3동,50484,127.04431643020384,37.628022144194425
A,골목상권,3110382,솔밭공원역 1번,201230,461803,11320,도봉구,11320660,쌍문1동,40166,127.01393904788436,37.6558610511858
A,골목상권,3110383,덕성여대시반거리,201215,461310,11320,도봉구,11320660,쌍문1동,43039,127.0137682393538,37.6514192269792
A,골목상권,3110384,문이교,201446,462166,11320,도봉구,11320660,쌍문1동,108209,127.01638759942797,37.659131301166084
A,골목상권,3110780,신길대성유니드아파트,191436,444742,11560,영등포구,11560670,신길5동,87225,126.90314734322918,37.50210357784792
A,골목상권,3110781,대림한신아파트,191471,443882,11560,영등포구,11560700,대림1동,84160,126.90355313361495,37.4943552577109
A,골목상권,3110782,영등포시장역 4번,191491,446960,11560,영등포구,11560535,영등포동,30037,126.90374369195808,37.52208833275841
A,골목상권,3110783,영등포시장역 1번,191527,447259,11560,영등포구,11560535,영등포동,49012,126.90414748748984,37.524782657771645
A,골목상권,3110385,효문고등학교,201627,461645,11320,도봉구,11320660,쌍문1동,96072,127.0184377217192,37.65443688167908
A,골목상권,3110386,연산군묘,202103,462367,11320,도봉구,11320710,방학3동,16363,127.02383399587633,37.66094100470591
A,골목상권,3110387,쌍문초등학교,202159,461198,11320,도봉구,11320660,쌍문1동,143845,127.02446520633931,37.650408392580964
A,골목상권,3110388,도봉우체국,202678,460881,11320,도봉구,11320680,쌍문3동,55371,127.03034521174627,37.6475509095685
A,골목상권,3110389,한일병원,202647,460524,11320,도봉구,11320680,쌍문3동,52890,127.02999264822587,37.64433448769298
A,골목상권,3110394,방학중학교,203106,463000,11320,도봉구,11320700,방학2동,157817,127.03520401893273,37.66664136923422
A,골목상권,3110395,신한은행 방학동지점,203218,462687,11320,도봉구,11320690,방학1동,52472,127.03647206897575,37.66382091407126
A,골목상권,3110430,중계초등학교,206575,461975,11350,노원구,11350624,중계4동,11185,127.07451309787947,37.65738803037677
A,골목상권,3110431,상계역,206556,462351,11350,노원구,11350624,중계4동,55707,127.07430115109656,37.660775854840864
A,골목상권,3110480,연신내역 3번,193392,457581,11380,은평구,11380520,불광1동,77808,126.92515264438029,37.617798543317264
A,골목상권,3110481,불광역 7번,193522,456966,11380,은평구,11380570,대조동,88375,126.92663056899477,37.61225839319223
A,골목상권,3110455,역촌노인복지관,192271,455990,11380,은평구,11380625,역촌동,155405,126.91247213883027,37.60345508523692
A,골목상권,3110456,구산보건지소,192317,456472,11380,은평구,11380560,구산동,170875,126.91298801162269,37.60779823704551
A,골목상권,3110457,예일여고,192325,456907,11380,은평구,11380560,구산동,93412,126.91307405227352,37.611717602893464
A,골목상권,3110505,홍남교남측,193361,452692,11410,서대문구,11410615,연희동,21259,126.92484582926642,37.573748884900745
A,골목상권,3110506,연희임광아파트,193454,451816,11410,서대문구,11410615,연희동,25732,126.92590641707551,37.56585683690044
A,골목상권,3110483,연천초등학교,193551,457851,11380,은평구,11380520,불광1동,67748,126.92695122086197,37.62023233726391
A,골목상권,3110484,역촌역 3번,193559,456301,11380,은평구,11380510,녹번동,191591,126.92705548022388,37.606267078274556
A,골목상권,3110470,신진과학기술고등학교,192849,455298,11380,은평구,11380580,응암1동,34929,126.91902451113432,37.59722490823317
A,골목상권,3110471,응암동우체국,192874,454645,11380,은평구,11380590,응암2동,123744,126.91931395497885,37.59134163214491
A,골목상권,3110517,서대문소방서,194394,452679,11410,서대문구,11410615,연희동,63408,126.93653958895476,37.57363862085193
A,골목상권,3110518,서대문구청,194404,453061,11410,서대문구,11410615,연희동,49879,126.93664987416368,37.57708047890787
A,골목상권,3110491,불광중학교,194346,458292,11380,은평구,11380530,불광2동,300653,126.93595288951646,37.6242109202581
A,골목상권,3110492,하나고등학교,194584,460074,11380,은평구,11380690,진관동,133323,126.93863569243504,37.6402679121759
A,골목상권,3110493,북가좌초등학교,191669,452953,11410,서대문구,11410710,북가좌1동,44322,126.90568926896994,37.576086730512685
A,골목상권,3110507,명지대학교,193437,453250,11410,서대문구,11410685,홍은2동,176999,126.92570116141647,37.57877697431512
A,골목상권,3110508,서연중학교,193595,452248,11410,서대문구,11410615,연희동,171649,126.92749860967065,37.56975012625551
A,골목상권,3110534,경기대학교,196485,451629,11410,서대문구,11410565,충현동,71787,126.9602149175942,37.56418852067717
A,골목상권,3110535,영천시장입구,196528,452201,11410,서대문구,11410520,천연동,34671,126.96069891221296,37.5693423790947
A,골목상권,3110519,서대문구보건소별관,194442,453988,11410,서대문구,11410620,홍제1동,115619,126.93707302774948,37.58543291549372
A,골목상권,3110520,경의중앙 신촌역,194757,450919,11410,서대문구,11410585,신촌동,60585,126.94066135843539,37.557783235879384
A,골목상권,3110566,경의선책거리,193685,450750,11440,마포구,11440660,서교동,156743,126.92853025842084,37.55625383061659
A,골목상권,3110542,마포구청역 7번,191345,451292,11440,마포구,11440700,망원2동,123656,126.90204104660744,37.56111822776653
A,골목상권,3110543,중암중학교,191421,452638,11440,마포구,11440730,성산2동,21216,126.9028854848608,37.57324632499679
A,골목상권,3110544,망리단길,191619,450607,11440,마포구,11440690,망원1동,311648,126.90515005082226,37.5549489373919
A,골목상권,3110545,마포구청역 1번,191544,451746,11440,마포구,11440730,성산2동,87346,126.90428813099334,37.565210593245496
A,골목상권,3110584,아현역 4번,195866,450839,11440,마포구,11440555,아현동,14177,126.95321312146886,37.5570680790553
A,골목상권,3110553,가좌역 2번,192127,452064,11440,마포구,11440730,성산2동,83965,126.91088357719615,37.568080922063466
A,골목상권,3110554,망원역 1번,192277,450762,11440,마포구,11440660,서교동,126268,126.91259516798064,37.55635122932939
A,골목상권,3110555,홍익지구대,192243,450433,11440,마포구,11440660,서교동,21035,126.91221385162399,37.55338666479528
A,골목상권,3110580,양원초등학교,195137,450415,11440,마포구,11440600,대흥동,39360,126.94496541784541,37.553244292992865
A,골목상권,3110581,염리초등학교,195296,449319,11440,마포구,11440590,용강동,13748,126.94677184287136,37.54337017609082
A,골목상권,3110582,이대역 5번,195312,450646,11440,마포구,11440610,염리동,53599,126.94694441696997,37.55532650355734
A,골목상권,3110583,공덕래미안3차아파트,195817,449922,11440,마포구,11440555,아현동,7972,126.95266378611491,37.548805708899394
A,골목상권,3110567,광흥창역 6번,193708,449746,11440,마포구,11440655,서강동,21814,126.92879916577456,37.54720797282898
A,골목상권,3110568,광흥창역 1번,193929,449952,11440,마포구,11440655,서강동,25225,126.93129831639104,37.54906551042876
A,골목상권,3110421,석계역 1번,205573,457361,11350,노원구,11350560,월계1동,69794,127.06312247081314,37.615823223737245
A,골목상권,3110422,노원역 9번,205580,462171,11350,노원구,11350720,상계10동,35324,127.06323847595549,37.65916053762221
A,골목상권,3110585,마포경찰서,195953,450143,11440,마포구,11440555,아현동,18216,126.95420158838736,37.55079752190501
A,골목상권,3110586,서울서부지방법원,196159,450001,11440,마포구,11440565,공덕동,132139,126.95653355702899,37.54951898566206
A,골목상권,3110587,공덕동주민센터,196316,449878,11440,마포구,11440565,공덕동,76629,126.95831085477153,37.548411398286284
A,골목상권,3110447,구산초등학교,191809,457108,11380,은평구,11380560,구산동,36415,126.90722766750562,37.61352413877604
A,골목상권,3110448,상신초등학교입구,191804,455212,11380,은평구,11380632,신사2동,61765,126.90719226269528,37.596441345078325
A,골목상권,3110409,창동역 2번,203829,461718,11320,도봉구,11320515,창5동,77642,127.0433919186031,37.65508805919096
A,골목상권,3110410,방학역 2번,203939,463274,11320,도봉구,11320690,방학1동,130951,127.04464688230316,37.66910685916636
A,골목상권,3110411,도봉역 3번,204032,464014,11320,도봉구,11320522,도봉2동,90321,127.04570508633525,37.67577370338089
A,골목상권,3110412,창동중학교,204240,462445,11320,도봉구,11320514,창4동,21146,127.04805377216908,37.66163639005471
A,골목상권,3110436,상계제일중학교,206697,462140,11350,노원구,11350624,중계4동,41545,127.07589721053684,37.658873767809375
A,골목상권,3110437,당고개역 2번,206846,463073,11350,노원구,11350665,상계3?4동,83701,127.07759457818734,37.667278815856335
A,골목상권,3110438,경춘선숲길 우측,206924,458484,11350,노원구,11350600,공릉2동,100071,127.07843516211,37.625932128128525
A,골목상권,3110423,석계역 2번,205719,457498,11350,노원구,11350560,월계1동,58165,127.06477720668221,37.61705668079722
A,골목상권,3110472,연신내역 4번,193000,457351,11380,은평구,11380570,대조동,134157,126.92071475120335,37.61572337254678
A,골목상권,3110473,구산역 1번,193014,457016,11380,은평구,11380570,대조동,185580,126.92087651968289,37.6127051698786
A,골목상권,3110449,증산역 3번,191787,453767,11380,은평구,11380640,증산동,154127,126.90701596105264,37.5834218710177
A,골목상권,3110494,증산3교남측,191718,453280,11410,서대문구,11410710,북가좌1동,32244,126.90624027652729,37.57903341964468
A,골목상권,3110495,북가좌2동주민센터,192016,453516,11410,서대문구,11410720,북가좌2동,183812,126.90961133135289,37.581162393855145
A,골목상권,3110560,마포FM,192787,451180,11440,마포구,11440710,연남동,60230,126.91836296409225,37.56012152556119
A,골목상권,3110561,상수역 4번,193020,449646,11440,마포구,11440655,서강동,81410,126.92101465340832,37.54630202356614
A,골목상권,3111078,굽은다리역 4번,212791,449269,11740,강동구,11740685,길동,207328,127.14473562941309,37.54284297310578
A,골목상권,3110485,연신내우체국,193759,458017,11380,은평구,11380530,불광2동,103329,126.92930584981418,37.62172941053949
A,골목상권,3110486,은평구청,193642,455881,11380,은평구,11380510,녹번동,63348,126.92799910442115,37.60248349984441
A,골목상권,3110487,불광역 8번,193806,456935,11380,은평구,11380520,불광1동,23276,126.92984739569634,37.61198104277285
A,골목상권,3110521,홍제역 4번,194925,454327,11410,서대문구,11410620,홍제1동,30428,126.9425391420921,37.588490068182864
A,골목상권,3110522,홍제역 3번,195088,454097,11410,서대문구,11410620,홍제1동,37420,126.94438622395559,37.58641866983094
A,골목상권,3110523,홍제성원아파트,195052,453807,11410,서대문구,11410620,홍제1동,14283,126.94398058936544,37.58380559833459
A,골목상권,3110524,연희세브란스병원,195078,451634,11410,서대문구,11410585,신촌동,30580,126.94428953833814,37.56422712984893
A,골목상권,3110496,모래내우체국,192218,453273,11410,서대문구,11410720,북가좌2동,69544,126.91190079630103,37.578974710278885
A,골목상권,3110546,양화대교북단,191662,450075,11440,마포구,11440680,합정동,102440,126.90564273562002,37.55015602400467
A,골목상권,3110547,KB국민은행 망원동지점,191646,451113,11440,마포구,11440700,망원2동,72666,126.90544985616542,37.559508222945176
A,골목상권,3110458,선일여고,192396,457958,11380,은평구,11380552,갈현2동,118649,126.9138672649344,37.62118756887732
A,골목상권,3110459,응암역 2번,192366,455560,11380,은평구,11380631,신사1동,104660,126.91355245804971,37.59958162306841
A,골목상권,3110460,구산역 4번,192498,457218,11380,은평구,11380552,갈현2동,149102,126.91503023530422,37.614521102015296
A,골목상권,3110536,돈의문센트레빌아파트입구,196793,451833,11410,서대문구,11410565,충현동,21586,126.963700171686,37.566027675786486
A,골목상권,3110537,충정로현대아파트,196781,451522,11410,서대문구,11410565,충현동,52786,126.96356570918097,37.563225536204584
A,골목상권,3110538,충정로역 3번,196883,451251,11410,서대문구,11410565,충현동,16657,126.96472134857186,37.56078418639621
A,골목상권,3110539,미근동,197093,451559,11410,서대문구,11410565,충현동,48052,126.96709693781519,37.56355994178927
A,골목상권,3110525,홍은종합사회복지관,195233,455053,11410,서대문구,11410660,홍은1동,35519,126.94602169615612,37.5950329139456
A,골목상권,3110569,홍대땡땡거리,193992,450570,11440,마포구,11440655,서강동,84934,126.93200618899284,37.55463408799679
A,골목상권,3110570,KB국민은행 서강지점,194258,449405,11440,마포구,11440630,신수동,24575,126.93502567773919,37.54413915657821
A,골목상권,3110548,마포구청역 4번,191712,451412,11440,마포구,11440720,성산1동,113289,126.90619346235019,37.56220279564018
A,골목상권,3110400,도봉구보건소,203457,462153,11320,도봉구,11320670,쌍문2동,123299,127.03917831065678,37.6590088057298
A,골목상권,3110401,도봉구민회관,203483,461709,11320,도봉구,11320515,창5동,44767,127.03947085180751,37.655008347922056
A,골목상권,3110414,장석교회,204615,458250,11350,노원구,11350560,월계1동,68483,127.05227731602453,37.6238383071051
A,골목상권,3110415,수락산역 4번,204689,464016,11350,노원구,11350630,상계1동,197508,127.05315257704137,37.67578860179999
A,골목상권,3110461,새절역 2번,192506,454562,11380,은평구,11380600,응암3동,33922,126.91514802943944,37.590590887541644
A,골목상권,3110588,한겨레신문사,196474,449809,11440,마포구,11440565,공덕동,72183,126.96009915669201,37.54779032700743
A,골목상권,3110589,애오개역 3번,196507,450469,11440,마포구,11440565,공덕동,31214,126.96046944995787,37.55373704037376
A,골목상권,3110571,신수동주민센터,194370,449562,11440,마포구,11440630,신수동,75550,126.93629182332131,37.545554415089256
A,골목상권,3110572,서강대역 1번,194437,450111,11440,마포구,11440630,신수동,148225,126.93704582425697,37.55050130200841
A,골목상권,3110424,상계초등학교,205957,462130,11350,노원구,11350640,상계2동,75911,127.06751070252072,37.65878876746218
A,골목상권,3110402,도봉구 정병원,203471,462457,11320,도봉구,11320690,방학1동,118386,127.03933841839088,37.6617477362968
A,골목상권,3110403,방학1동주민센터,203537,462802,11320,도봉구,11320690,방학1동,153054,127.0400880977698,37.66485586862868
A,골목상권,3110404,신창초등학교,203576,459627,11320,도봉구,11320513,창3동,297142,127.04051457750556,37.63624951166753
A,골목상권,3110450,시립서북병원,191983,456211,11380,은평구,11380560,구산동,195983,126.90920823667845,37.60544380707197
A,골목상권,3111084,길동신동아아파트,213077,449188,11740,강동구,11740685,길동,20962,127.14797038945525,37.54210915495064
A,골목상권,3111085,묘곡초등학교(고덕아이파크아파트),213598,451279,11740,강동구,11740550,고덕1동,144712,127.1539043851388,37.56094142583823
A,골목상권,3111086,한영중고,213661,449837,11740,강동구,11740540,명일2동,75463,127.15459058686204,37.5479481533716
A,골목상권,3111087,고덕중학교(고덕2동주민센터),214375,451335,11740,강동구,11740560,고덕2동,63497,127.16269966363117,37.56143419088499
A,골목상권,3111088,고덕동성당,215015,451172,11740,강동구,11740560,고덕2동,71669,127.16993997135829,37.559955368246186
A,골목상권,3110439,당고개역 5번,206942,463518,11350,노원구,11350665,상계3?4동,99026,127.07868690249893,37.671287453233404
A,골목상권,3110440,상계3동4동주민센터,207404,463610,11350,노원구,11350665,상계3?4동,54632,127.08392455657341,37.672112743973784
A,골목상권,3110441,영신여고,207291,461205,11350,노원구,11350619,중계본동,54737,127.08261968164804,37.650445067206704
A,골목상권,3110442,화랑대철도공원,207943,458309,11350,노원구,11350600,공릉2동,20050,127.08997649461074,37.62434716517718
A,골목상권,3110425,계상초등학교,206006,462411,11350,노원구,11350670,상계5동,104277,127.06806833085822,37.661320204941866
A,골목상권,3110474,세명컴퓨터고등학교,193094,458463,11380,은평구,11380530,불광2동,125765,126.92176894024712,37.62574305642576
A,골목상권,3110451,증산역 4번,192207,454149,11380,은평구,11380640,증산동,178167,126.91176695211742,37.586867310443004
A,골목상권,3110497,가좌역 3번,192369,452344,11410,서대문구,11410690,남가좌1동,27096,126.91361991841781,37.570605742584526
A,골목상권,3110509,연희대우아파트앞,193678,451158,11410,서대문구,11410585,신촌동,117804,126.92844752122888,37.559929848504545
A,골목상권,3110510,홍연시장,193904,453009,11410,서대문구,11410615,연희동,42513,126.93099000584378,37.57660878891725
A,골목상권,3110556,절두산순교성지,192375,449482,11440,마포구,11440680,합정동,41215,126.91371757454353,37.54481927889561
A,골목상권,3110488,우리은행응암동지점,193806,455674,11380,은평구,11380580,응암1동,93490,126.92985806504463,37.60061956912879
A,골목상권,3110489,불광역 3번,193908,456402,11380,은평구,11380510,녹번동,31324,126.93100707256747,37.607179454050986
A,골목상권,3110490,녹번동근린공원,193973,456174,11380,은평구,11380510,녹번동,128235,126.93174508513579,37.60512562662295
A,골목상권,3110475,백련산해모로아파트,193130,455354,11380,은평구,11380580,응암1동,70709,126.92220593140247,37.59773160300439
A,골목상권,3110476,역촌역 2번,193193,456536,11380,은평구,11380570,대조동,31638,126.92290833727283,37.60838176745521
A,골목상권,3110526,봉원사,195306,452138,11410,서대문구,11410585,신촌동,112347,126.94686696726549,37.5687693370328
A,골목상권,3110498,증산역 1번,192362,454070,11410,서대문구,11410720,북가좌2동,115165,126.91352269766993,37.58615682561889
A,골목상권,3110499,연가초등학교,192836,453604,11410,서대문구,11410720,북가좌2동,122136,126.91889386756903,37.581962010876325
A,골목상권,3110500,남가좌동현대아파트,192917,452686,11410,서대문구,11410700,남가좌2동,26069,126.91981976539915,37.57369151856133
A,골목상권,3110462,갈현건영아파트,192582,458461,11380,은평구,11380551,갈현1동,155714,126.9159690380799,37.625721048855574
A,골목상권,3110463,응암3동주민센터,192604,454716,11380,은평구,11380600,응암3동,53976,126.91625609375659,37.5919792064456
A,골목상권,3110464,연신내역 5번,192658,457512,11380,은평구,11380552,갈현2동,99182,126.91683948862,37.61717129604579
A,골목상권,3110540,망원나들목체육관,191170,450546,11440,마포구,11440690,망원1동,61616,126.90006934224607,37.554395138243954
A,골목상권,3110541,동교초등학교,191287,450928,11440,마포구,11440700,망원2동,101027,126.9013889146536,37.55783805697095
A,골목상권,3110527,홍제역 2번,195323,454390,11410,서대문구,11410640,홍제3동,106073,126.94704502804785,37.589059800906874
A,골목상권,3110528,서울여자간호대학교,195385,455125,11410,서대문구,11410640,홍제3동,59337,126.9477423876718,37.595682402161245
A,골목상권,3110573,신촌역 6번,194527,450416,11440,마포구,11440600,대흥동,9367,126.93806204247896,37.55324988350833
A,골목상권,3110574,서강대학교,194699,449975,11440,마포구,11440600,대흥동,16304,126.9400117506906,37.5492774882875
A,골목상권,3110549,새터산,191929,451850,11440,마포구,11440730,성산2동,101078,126.90864472387649,37.56615108033534
A,골목상권,3110550,합정역 8번,191993,450196,11440,마포구,11440680,합정동,173803,126.90938718433313,37.551249164529125
A,골목상권,3111079,둔촌고등학교(둔촌중학교),212802,447928,11740,강동구,11740700,둔촌2동,66695,127.14483672836192,37.53076044252061
A,골목상권,3111080,굽은다리역 3번,212907,449841,11740,강동구,11740530,명일1동,83549,127.14605826969836,37.54799505551849
A,골목상권,3111081,둔촌푸르지오아파트,212915,448408,11740,강동구,11740700,둔촌2동,17651,127.14612359901622,37.53508365886623
A,골목상권,3111082,중앙보훈병원,213045,448204,11740,강동구,11740700,둔촌2동,21834,127.14759082543833,37.53324379403351
A,골목상권,3111083,GS강동자이아파트,213004,448764,11740,강동구,11740685,길동,81524,127.14713686672866,37.538289959838245
A,골목상권,3110593,신월3동주민센터,184691,448235,11470,양천구,11470580,신월3동,177705,126.82679378474677,37.53348831317334
A,골목상권,3110594,신월중학교,184761,449104,11470,양천구,11470600,신월5동,77868,126.82756773429242,37.54131913005202
A,골목상권,3110595,메디힐병원,184977,448713,11470,양천구,11470600,신월5동,187236,126.8300198040713,37.537799778862734
A,골목상권,3110443,수색역 1번,190793,453820,11380,은평구,11380650,수색동,39392,126.89576167266652,37.583889995567056
A,골목상권,3110575,대흥동주민센터,194807,450616,11440,마포구,11440600,대흥동,71531,126.94122938667753,37.55505349794558
A,골목상권,3110576,대흥역 3번,195036,449638,11440,마포구,11440600,대흥동,76040,126.9438276551154,37.54624299959065
A,골목상권,3110426,상계2동주민센터,206148,461865,11350,노원구,11350640,상계2동,130017,127.06967307359568,37.65639990821615
A,골목상권,3110405,방학역 1번,203619,463278,11320,도봉구,11320690,방학1동,185625,127.04101983972981,37.66914421552273
A,골목상권,3110452,새절역 3번,192273,454515,11380,은평구,11380632,신사2동,112690,126.91251034948718,37.59016549565589
A,골목상권,3110557,홍대부속여중고앞,192530,450970,11440,마포구,11440660,서교동,112569,126.91545636804909,37.55822738671058
A,골목상권,3110558,경성고등학교,192565,451651,11440,마포구,11440720,성산1동,321532,126.91584558806812,37.564363450925
A,골목상권,3110559,성산중학교,192688,449683,11440,마포구,11440680,합정동,100801,126.91725739230134,37.54663282010309
A,골목상권,3110413,누원고등학교,204198,464883,11320,도봉구,11320522,도봉2동,74353,127.04759179455192,37.68360246074166
A,골목상권,3110444,수색성당,191453,453224,11380,은평구,11380640,증산동,73705,126.90324089386101,37.5785264427602
A,골목상권,3110445,덕산중학교,191769,455726,11380,은평구,11380631,신사1동,41323,126.90679016222154,37.601072120466604
A,골목상권,3110446,내를건너서숲으로도서관,191796,454593,11380,은평구,11380632,신사2동,59764,126.90710860708315,37.59086414192362
A,골목상권,3110427,노원 을지대학교병원,206268,459433,11350,노원구,11350611,하계1동,30640,127.07101212612743,37.634487186294194
A,골목상권,3110428,상계5동주민센터,206276,462728,11350,노원구,11350670,상계5동,217725,127.07113106886153,37.66417450773257
A,골목상권,3110477,은평세무서,193336,455907,11380,은평구,11380510,녹번동,101732,126.92453358673295,37.60271559223417
A,골목상권,3110478,응암1동주민센터,193406,455584,11380,은평구,11380580,응암1동,61196,126.92532920921035,37.5998058991835
A,골목상권,3110453,신사1동주민센터,192303,455136,11380,은평구,11380631,신사1동,209465,126.91284350185038,37.59576090018161
A,골목상권,3110454,선정중학교,192299,457526,11380,은평구,11380552,갈현2동,117225,126.91277306605426,37.61729449862414
A,골목상권,3110511,연희초등학교,194055,451806,11410,서대문구,11410615,연희동,200962,126.93270915833847,37.565770810628436
A,골목상권,3110512,연희지하차도,194158,453091,11410,서대문구,11410615,연희동,112524,126.93386476704575,37.577349249695644
A,골목상권,3110513,연희파출소,194116,452409,11410,서대문구,11410615,연희동,81070,126.93339477301667,37.571204202233716
A,골목상권,3110515,홍은중학교,194180,454791,11410,서대문구,11410685,홍은2동,64938,126.93410032016293,37.59266626188652
A,골목상권,3110516,정원여중,194259,453935,11410,서대문구,11410685,홍은2동,65332,126.93500154132751,37.584954266751254
A,골목상권,3110564,홍대입구역 3번,193428,451158,11440,마포구,11440660,서교동,49371,126.92561802009868,37.55992809983832
A,골목상권,3110479,연신내역 2번,193382,458068,11380,은평구,11380530,불광2동,102295,126.92503497111771,37.622186278084804
A,골목상권,3110529,홍제3동주민센터,195418,454778,11410,서대문구,11410640,홍제3동,113498,126.94811823117305,37.59255612700315
A,골목상권,3110501,연희어린이공원,193028,452001,11410,서대문구,11410615,연희동,123377,126.92108280715294,37.567520553183385
A,골목상권,3110502,남가좌파출소,193174,452938,11410,서대문구,11410700,남가좌2동,125757,126.92272668132662,37.57596396317863
A,골목상권,3110503,명지대학교교회,193247,453681,11410,서대문구,11410700,남가좌2동,154746,126.92354622796533,37.5826588806257
A,골목상권,3110504,명지전문대,193319,454064,11410,서대문구,11410685,홍은2동,34484,126.92435788035132,37.58611020676995
A,골목상권,3110482,연신초등학교,193583,458450,11380,은평구,11380530,불광2동,35348,126.92730843440147,37.625629470771514
A,골목상권,3110532,아현역 2번,196252,451127,11410,서대문구,11410555,북아현동,61152,126.95758023545093,37.55966460055765
A,골목상권,3110533,충정로역 7번,196504,451105,11410,서대문구,11410555,북아현동,39228,126.96043246893834,37.559467371533074
A,골목상권,3110565,홍익대,193630,450369,11440,마포구,11440655,서강동,43573,126.9279111055061,37.552820653360776
A,골목상권,3110419,수락산디자인거리,205038,464087,11350,노원구,11350630,상계1동,125994,127.05710918618395,37.676426447476146
A,골목상권,3110530,아현역 1번,195903,450890,11410,서대문구,11410555,북아현동,17473,126.9536315870961,37.557527752751184
A,골목상권,3110531,홍지문,196095,455335,11110,종로구,11110550,부암동,78118,126.95578089828815,37.59757776916762
A,골목상권,3110577,용강동주민센터,195056,449322,11440,마포구,11440590,용강동,26040,126.94405610152825,37.54339595069852
A,골목상권,3110578,대흥역 2번,195146,449859,11440,마포구,11440610,염리동,111950,126.94507094731418,37.54823479181836
A,골목상권,3110551,성서초등학교,192011,451116,11440,마포구,11440720,성산1동,102638,126.9095808699743,37.55953848873831
A,골목상권,3110552,성미산체육관,192075,451621,11440,마포구,11440720,성산1동,97940,126.91029976327316,37.564089068838044
A,골목상권,3110590,만리재,196687,450062,11440,마포구,11440565,공덕동,59702,126.9625083603722,37.55007064296527
A,골목상권,3110591,충정로역 6번,196681,450974,11140,중구,11140680,중림동,51038,126.96243633709508,37.558287719911306
A,골목상권,3110592,서울금융고등학교,184589,448509,11470,양천구,11470580,신월3동,42118,126.82563401264187,37.53595534575108
A,골목상권,3110420,광운대역 1번,205266,457942,11350,노원구,11350560,월계1동,50431,127.05964942521172,37.62105976995063
A,골목상권,3110468,응암역 3번,192780,455968,11380,은평구,11380625,역촌동,243033,126.91823657343359,37.60326100173212
A,골목상권,3110469,응암정보도서관,192812,454074,11380,은평구,11380600,응암3동,197026,126.91861754570077,37.586196487934636
A,골목상권,3110579,마포역 4번,195146,448511,11440,마포구,11440585,도화동,55046,126.94507985704341,37.53608932175848
A,골목상권,3110429,공릉동 국수거리,206455,457940,11350,노원구,11350595,공릉1동,160554,127.07311752729491,37.62103417354386
A,골목상권,3110406,도봉산역 1번,203718,465573,11320,도봉구,11320521,도봉1동,247532,127.04215366082332,37.68982127455393
A,골목상권,3110407,도봉역 2번,203614,463983,11320,도봉구,11320521,도봉1동,454340,127.04096665862696,37.675496140869164
A,골목상권,3110408,가인초등학교,203661,462129,11320,도봉구,11320515,창5동,53197,127.04149012943236,37.65879177963506
A,골목상권,3110432,대진고등학교,206468,459617,11350,노원구,11350611,하계1동,69099,127.07327961483666,37.6361436126196
A,골목상권,3110433,공릉역 2번,206692,458322,11350,노원구,11350595,공릉1동,95309,127.07580558296289,37.62447424820976
A,골목상권,3110434,태릉입구역 4번,206724,457916,11350,노원구,11350595,공릉1동,38090,127.07616433988332,37.62081600933059
A,골목상권,3110435,서울과학기술대,206727,458887,11350,노원구,11350600,공릉2동,17818,127.07620725251864,37.62956456313447
A,골목상권,3110692,큰굴다리,186407,444470,11530,구로구,11530740,개봉1동,68249,126.84627816117745,37.49959252924015
A,골목상권,3110693,오류동역 4번,186407,444108,11530,구로구,11530770,오류1동,9129,126.84628484691747,37.49633089770617
A,골목상권,3110694,세곡초등학교,186504,445043,11530,구로구,11530730,고척2동,196285,126.84736461127714,37.50475669640574
A,골목상권,3110695,개봉1동주민센터,186895,444572,11530,구로구,11530730,고척2동,191612,126.8517950693802,37.50051860479138
A,골목상권,3110696,오류동역 1번,186908,443849,11530,구로구,11530750,개봉2동,87977,126.85195494682537,37.49400453363189
A,골목상권,3110663,우장산롯데캐슬아파트앞,186697,450527,11500,강서구,11500591,화곡6동,38550,126.84944809476413,37.55417025454575
A,골목상권,3110664,강서구청옆,186927,450211,11500,강서구,11500591,화곡6동,22736,126.85205665693027,37.551326400425985
A,골목상권,3110665,곰달래도서관,186976,447805,11500,강서구,11500550,화곡2동,205223,126.85265383966636,37.52964910739219
A,골목상권,3110666,KC대학교,186979,449983,11500,강서구,11500591,화곡6동,48432,126.85264916819561,37.54927286665986
A,골목상권,3110667,가양역 10번,187021,451363,11500,강서구,11500535,등촌3동,29342,126.853100050414,37.56170718526108
A,골목상권,3110749,금산초등학교(금천고등학교),191606,438077,11545,금천구,11545690,시흥3동,145627,126.90514583518677,37.44205287827401
A,골목상권,3110750,시흥4동주민센터(서울신흥초등학교),191736,439818,11545,금천구,11545700,시흥4동,113692,126.90659536161563,37.45774067716475
A,골목상권,3110681,온수역 1번,184516,443619,11530,구로구,11530790,수궁동,82313,126.82491102406816,37.491895234309894
A,골목상권,3110682,온수역 8번,184527,444083,11530,구로구,11530790,수궁동,32907,126.82502565575389,37.496076071731245
A,골목상권,3110683,오류고등학교,184751,444388,11530,구로구,11530790,수궁동,41660,126.82755240000924,37.49882785373005
A,골목상권,3110703,개봉역,187529,443979,11530,구로구,11530740,개봉1동,119182,126.85897502647666,37.495184430322844
A,골목상권,3110704,고척중학교,187951,444448,11530,구로구,11530720,고척1동,15243,126.8637394104501,37.499415739190376
A,골목상권,3110705,고산초등학교,188048,444505,11530,구로구,11530720,고척1동,20963,126.8648354424381,37.499930571468916
A,골목상권,3110706,그라운드 고척,188121,444651,11530,구로구,11530720,고척1동,44173,126.86565863686842,37.501246978346835
A,골목상권,3110722,G타워,190905,442315,11530,구로구,11530540,구로3동,84987,126.89717210666026,37.48023108551514
A,골목상권,3110723,가산디지털단지역 1번 출입구,189704,442648,11545,금천구,11545510,가산동,42837,126.88358899345991,37.48321884165624
A,골목상권,3110724,금천구립가산도서관,190323,441521,11545,금천구,11545510,가산동,64563,126.89060246530504,37.4730711718446
A,골목상권,3110725,가산동주민센터,190311,442041,11545,금천구,11545510,가산동,39903,126.89045996878538,37.47775628898691
A,골목상권,3110803,신길2동우편취급국,192220,445910,11560,영등포구,11560515,영등포본동,97248,126.91200145475099,37.51263424047317
A,골목상권,3110804,신풍역 1번,192291,444455,11560,영등포구,11560680,신길6동,83571,126.9128197716422,37.49952522564555
A,골목상권,3110805,신길새마을금고신길4동지점,192281,445152,11560,영등포구,11560660,신길4동,27917,126.91269937112725,37.505805144681965
A,골목상권,3110806,서울시립영등포장애인복지관,192318,446855,11560,영등포구,11560535,영등포동,14104,126.9131000457853,37.52114953473733
A,골목상권,3110733,금천어울림복지센터,190931,439912,11545,금천구,11545670,시흥1동,36821,126.89749563002177,37.4585800861235
A,골목상권,3110734,금천파출소,191062,439366,11545,금천구,11545670,시흥1동,16742,126.89898290125245,37.45366183872093
A,골목상권,3110735,말미고개,191078,440370,11545,금천구,11545620,독산2동,180092,126.89915158569944,37.462708144784365
A,골목상권,3110736,독산119안전센터,191226,440910,11545,금천구,11545640,독산4동,124454,126.90081805088234,37.46757501512585
A,골목상권,3110755,동일여자고등학교,192287,439057,11545,금천구,11545680,시흥2동,59664,126.91283104206283,37.45088873344512
A,골목상권,3110756,문래중학교,189708,447052,11560,영등포구,11560610,양평1동,49828,126.88357261885149,37.52289909328725
A,골목상권,3110757,양평역 2번,189756,447266,11560,영등포구,11560610,양평1동,73590,126.88411263138504,37.52482776865417
A,골목상권,3110758,문래소공원,189992,446829,11560,영등포구,11560605,문래동,38867,126.88678837498121,37.52089298434439
A,골목상권,3110807,신길역 3번,192385,446482,11560,영등포구,11560535,영등포동,44675,126.91386182257449,37.51778935200958
A,골목상권,3110774,당산반도유보라팰리스아파트,191142,447658,11560,영등포구,11560560,당산2동,35052,126.89978729477909,37.52837403542412
A,골목상권,3110775,대동초등학교,191264,443608,11560,영등포구,11560710,대림2동,35075,126.90121560959574,37.49188456755702
A,골목상권,3110776,도신초등학교,191374,444236,11560,영등포구,11560720,대림3동,113740,126.90245209989303,37.49754391638084
A,골목상권,3110643,강서구다솔마을,183982,450681,11500,강서구,11500620,공항동,127210,126.81871882923258,37.555514608627334
A,골목상권,3110644,신광명마을,184449,449781,11500,강서구,11500611,발산1동,121040,126.82402307103173,37.54741365896421
A,골목상권,3110645,우장산역 4번,185289,450314,11500,강서구,11500611,발산1동,180103,126.83351789025177,37.55222974420196
A,골목상권,3110790,대림1동주민센터,191730,444244,11560,영등포구,11560670,신길5동,115306,126.90647786314138,37.497619252474074
A,골목상권,3110791,신풍역 3번,191799,444488,11560,영등포구,11560670,신길5동,21697,126.90725543679011,37.49981832015513
A,골목상권,3110792,영등포역 2번,191832,445827,11560,영등포구,11560585,도림동,129915,126.9076137652341,37.51188305687823
A,골목상권,3110793,대림썬프라자,191840,444066,11560,영등포구,11560700,대림1동,9883,126.90772378123626,37.49601644101264
A,골목상권,3110808,신길역 1번,192419,446351,11560,영등포구,11560515,영등포본동,31907,126.91424776874355,37.516609318608964
A,골목상권,3110809,장훈고등학교,192541,445881,11560,영등포구,11560515,영등포본동,31824,126.91563253349054,37.51237559866575
A,골목상권,3110653,화곡역 2번,185990,449471,11500,강서구,11500615,우장산동,122821,126.8414670572051,37.54464527300884
A,골목상권,3110608,신월2동주민센터,186375,447299,11470,양천구,11470570,신월2동,199259,126.84586386894,37.52508137526259
A,골목상권,3110609,신정네거리역 2번,186656,446922,11470,양천구,11470640,신정3동,48181,126.84904958349273,37.52168871335584
A,골목상권,3110610,계남근린공원,186751,446350,11470,양천구,11470640,신정3동,70654,126.85013454972928,37.51653636130315
A,골목상권,3110699,덕의초등학교,187204,445195,11530,구로구,11530730,고척2동,55364,126.85527871714595,37.506136184220836
A,골목상권,3110700,고척초등학교,187387,444733,11530,구로구,11530720,고척1동,131905,126.85735633995357,37.501976069275166
A,골목상권,3110623,갈산공원,188487,445288,11470,양천구,11470680,신정7동,156540,126.86978780742024,37.50699100309612
A,골목상권,3110624,목동문화체육센터,188603,449088,11470,양천구,11470520,목2동,43801,126.87104084620819,37.541230447765756
A,골목상권,3110625,신정2동주민센터,188656,446559,11470,양천구,11470630,신정2동,100874,126.87167959095326,37.518444828950926
A,골목상권,3110626,양화초등학교,188812,449453,11470,양천구,11470520,목2동,127884,126.87340015358663,37.54452164704416
A,골목상권,3110654,까치산역 4번,185968,448182,11500,강서구,11500540,화곡1동,276225,126.8412427376533,37.53303109083655
A,골목상권,3110655,발산역 5번,186090,450860,11500,강서구,11500615,우장산동,121172,126.84257230285237,37.55716160635442
A,골목상권,3110562,연트럴파크(연남동주민센터),193227,451584,11440,마포구,11440710,연남동,96104,126.9233391686964,37.56376488708946
A,골목상권,3110563,상수역 3번,193303,449582,11440,마포구,11440655,서강동,37381,126.92421764900801,37.5457274833252
A,골목상권,3110751,난곡중학교,191767,442077,11545,금천구,11545630,독산3동,142894,126.90692050938276,37.478094765834626
A,골목상권,3110752,한울중학교,191944,440258,11545,금천구,11545700,시흥4동,160859,126.90894149141734,37.46170696090743
A,골목상권,3110684,서울공연예술고등학교,184965,444368,11530,구로구,11530790,수궁동,56085,126.82997287787619,37.49865116120828
A,골목상권,3110685,금강수목원아파트,185185,443424,11530,구로구,11530780,오류2동,33067,126.8324797926798,37.49014924635146
A,골목상권,3110686,수궁동주민센터,185334,443922,11530,구로구,11530790,수궁동,191258,126.83415467880374,37.494638620747644
A,골목상권,3110707,구로창업지원센터,189343,445600,11530,구로구,11530510,신도림동,185688,126.87946463909495,37.50981240722824
A,골목상권,3110708,화원어린이공원,189501,444279,11530,구로구,11530530,구로2동,50397,126.88127053475066,37.49791195977646
A,골목상권,3110709,구로119안전센터,189526,443837,11530,구로구,11530530,구로2동,88217,126.88155953983662,37.49392980227567
A,골목상권,3110710,남구로역 3번,189736,443055,11530,구로구,11530530,구로2동,224117,126.88394512624056,37.486886294270526
A,골목상권,3110711,구로초등학교,189750,444136,11530,구로구,11530530,구로2동,157006,126.88408837350633,37.49662631952319
A,골목상권,3110712,남구로역 5번,189968,443117,11530,구로구,11530550,구로4동,83115,126.88656749689855,37.487447465830186
A,골목상권,3110668,화곡2동주민센터,187035,448118,11500,강서구,11500550,화곡2동,178678,126.85331580752785,37.53247006333166
A,골목상권,3110669,화곡보람2차아파트,187100,450388,11500,강서구,11500591,화곡6동,15189,126.8540113311599,37.552923598728135
A,골목상권,3110670,신곡초등학교,187264,448458,11500,강서구,11500570,화곡4동,146128,126.85590077983865,37.53553664636464
A,골목상권,3110726,금천철쭉어린이공원(금하마을),190327,439326,11545,금천구,11545610,독산1동,44361,126.8906764836956,37.45329404179641
A,골목상권,3110815,공군호텔,193118,445802,11560,영등포구,11560630,신길1동,182950,126.9221596147489,37.51166828712483
A,골목상권,3110816,대방역 6번,193249,446149,11560,영등포구,11560630,신길1동,92336,126.9236381327389,37.51479573571652
A,골목상권,3110737,금천세무서,191235,441904,11545,금천구,11545630,독산3동,84015,126.90090796494161,37.47653113040603
A,골목상권,3110738,문성초등학교,191269,441435,11545,금천구,11545630,독산3동,114069,126.90129790602968,37.472305721353386
A,골목상권,3110739,시흥3동 우편취급국,191402,437977,11545,금천구,11545690,시흥3동,20887,126.9028417553999,37.44114999204755
A,골목상권,3110713,구로보건소,190029,444650,11530,구로구,11530560,구로5동,250966,126.88723646192494,37.50126053635339
A,골목상권,3110759,문래예술촌(문래창작촌),190404,446148,11560,영등포구,11560605,문래동,299716,126.89145784534162,37.51476153758128
A,골목상권,3110760,선유도역 6번,190490,448546,11560,영등포구,11560620,양평2동,153365,126.89239957829113,37.536368422439324
A,골목상권,3110761,문래동남성맨션,190472,445802,11560,영등포구,11560605,문래동,31681,126.89223148744642,37.51164477320904
A,골목상권,3110762,선유도역 1번,190523,448983,11560,영등포구,11560620,양평2동,342694,126.89276731629242,37.54030612628488
A,골목상권,3110612,신정역 5번,187264,447115,11470,양천구,11470650,신정4동,167833,126.85592405599932,37.52343623301962
A,골목상권,3110613,신정네거리역 4번,187307,446653,11470,양천구,11470620,신정1동,23861,126.85641846880667,37.51927420530179
A,골목상권,3110614,목동로데오거리,187652,447633,11470,양천구,11470650,신정4동,77332,126.8603045895597,37.52810868319107
A,골목상권,3110615,신서초등학교,187732,446840,11470,양천구,11470620,신정1동,31057,126.86122287881128,37.520964822449145
A,골목상권,3110616,양목초등학교,187814,447073,11470,양천구,11470650,신정4동,15723,126.86214660798909,37.5230652390491
A,골목상권,3110646,푸른들청소년도서관,185451,449406,11500,강서구,11500560,화곡3동,203547,126.83536920594427,37.54405127997964
A,골목상권,3110647,화곡역 5번,185643,448807,11500,강서구,11500540,화곡1동,210252,126.8375535045462,37.5386573219103
A,골목상권,3110648,양천향교역 7번,185683,451946,11500,강서구,11500603,가양1동,283983,126.83794486723104,37.566940159049786
A,골목상권,3110794,영동초등학교,191894,447582,11560,영등포구,11560560,당산2동,81298,126.90829568124921,37.52769618737837
A,골목상권,3110795,도림초등학교,191968,445494,11560,영등포구,11560650,신길3동,68722,126.9091556622347,37.50888390866796
A,골목상권,3110796,한림대학교한강성심병원,191951,447139,11560,영등포구,11560535,영등포동,24293,126.90894538092166,37.52370525165795
A,골목상권,3110797,KT대방빌딩,191953,444056,11560,영등포구,11560680,신길6동,8947,126.90900173377105,37.49592733165793
A,골목상권,3110596,서서울호수공원,185107,447773,11470,양천구,11470580,신월3동,118222,126.8315097591216,37.52933251430504
A,골목상권,3110597,신월1동주민센터,185143,448358,11470,양천구,11470560,신월1동,181005,126.83190521052514,37.53460392914984
A,골목상권,3110598,신월문화체육센터,185267,446690,11470,양천구,11470611,신월7동,105945,126.8333416013457,37.51957726844986
A,골목상권,3110599,신월1파출소,185318,447959,11470,양천구,11470560,신월1동,105116,126.83389315774004,37.53101175155089
A,골목상권,3110416,노원초등학교,205046,463673,11350,노원구,11350630,상계1동,92687,127.05719700834393,37.67269635062584
A,골목상권,3110417,월계역 3번,205127,459237,11350,노원구,11350570,월계2동,29842,127.05808401363569,37.63272832724608
A,골목상권,3110418,광운대학교 남단,205120,457577,11350,노원구,11350560,월계1동,88266,127.05799308954444,37.61777199035563
A,골목상권,3110465,연신내역 7번,192719,457984,11380,은평구,11380551,갈현1동,72295,126.9175257181981,37.62142443927846
A,골목상권,3110701,고척동성당,187600,445118,11530,구로구,11530730,고척2동,44097,126.85975871674793,37.505447814423974
A,골목상권,3110702,개봉초등학교,187521,443242,11530,구로구,11530760,개봉3동,91947,126.85889705315547,37.48854391817313
A,골목상권,3110627,신정롯데캐슬아파트,188832,446731,11470,양천구,11470630,신정2동,80881,126.87366784052162,37.519996696799005
A,골목상권,3110628,신목동역,189379,449524,11470,양천구,11470520,목2동,95041,126.87981510484772,37.545168059477646
A,골목상권,3110629,송정역 4번,183092,451129,11500,강서구,11500620,공항동,37678,126.80863612346893,37.559535159894644
A,골목상권,3110630,공항시장역 1번,183081,451771,11500,강서구,11500640,방화2동,187213,126.80849682132225,37.56531932367912
A,골목상권,3110631,방화초등학교,183212,452183,11500,강서구,11500640,방화2동,91895,126.80997014983072,37.56903380193178
A,골목상권,3110656,까치산역 3번,186119,447708,11500,강서구,11500540,화곡1동,201889,126.84296009158733,37.52876264452878
A,골목상권,3110657,양천향교역 5번,186180,451900,11500,강서구,11500603,가양1동,124877,126.84357129242574,37.56653329038731
A,골목상권,3110658,화곡초등학교,186389,449541,11500,강서구,11500590,화곡본동,65816,126.84598070839382,37.54528194540314
A,골목상권,3110659,화곡역 4번,186429,449017,11500,강서구,11500590,화곡본동,372788,126.84644302224991,37.54056131421404
A,골목상권,3110714,구로4동주민센터,190201,443547,11530,구로구,11530550,구로4동,140331,126.88919631652536,37.49132429193936
A,골목상권,3110727,독산역 1번 출입구,190387,440588,11545,금천구,11545610,독산1동,106562,126.89133814646827,37.4646654230754
A,골목상권,3110728,두산초등학교,190428,440885,11545,금천구,11545610,독산1동,50102,126.89179773823689,37.46734184716617
A,골목상권,3110729,가산동우체국,190558,442071,11545,금천구,11545510,가산동,85219,126.8932520648618,37.47802914720058
A,골목상권,3110777,구로세무서,191290,446070,11560,영등포구,11560605,문래동,45358,126.90148046698552,37.51406753976341
A,골목상권,3110753,시흥동 은행나무사거리,191899,438831,11545,금천구,11545710,시흥5동,177282,126.90844852214423,37.448849129363595
A,골목상권,3110754,삼성산자연공원(서울금천초등학교),191973,439318,11545,금천구,11545710,시흥5동,134370,126.90927951506106,37.453237704979706
A,골목상권,3110687,"천왕역 3번(오류2동주민센터, 서울오류남초등학교)",185673,443204,11530,구로구,11530780,오류2동,42464,126.83800209949736,37.488174732550505
A,골목상권,3110688,오류지구대,185730,444002,11530,구로구,11530770,오류1동,79928,126.83863113866649,37.49536562485887
A,골목상권,3110715,구로구민회관,190138,444205,11530,구로구,11530560,구로5동,40106,126.88847512035333,37.497252236455466
A,골목상권,3110716,구로나눔길,190166,443834,11530,구로구,11530530,구로2동,50788,126.88879671563531,37.49390980603042
A,골목상권,3110717,남구로역 2번,190184,442766,11530,구로구,11530595,가리봉동,206144,126.88901449779476,37.48428725232738
A,골목상권,3110763,영등포구청역 2번,190681,447439,11560,영등포구,11560550,당산1동,33508,126.89457467467606,37.526396303959714
A,골목상권,3110764,문래역 3번,190693,446831,11560,영등포구,11560550,당산1동,18152,126.8947181280215,37.52091833908793
A,골목상권,3110671,등촌1동주민센터,187561,450691,11500,강서구,11500520,등촌1동,231350,126.8592232956464,37.55565994906193
A,골목상권,3110672,백석중학교,187594,449689,11500,강서구,11500530,등촌2동,69786,126.85961370194514,37.5466324179359
A,골목상권,3110673,뜸부기어린이공원,187599,447889,11500,강서구,11500570,화곡4동,145209,126.85970067142665,37.53041452973515
A,골목상권,3110674,강서구청가양동별관,187645,451282,11500,강서구,11500605,가양3동,10388,126.86016400106026,37.56098595628063
A,골목상권,3110813,보라매역 6번,192848,444620,11560,영등포구,11560680,신길6동,100264,126.91911721349943,37.50101636484535
A,골목상권,3110814,서울지방병무청,193077,445339,11560,영등포구,11560690,신길7동,141531,126.92170023319794,37.507496332940526
A,골목상권,3110649,우장산역 1번,185667,450397,11500,강서구,11500615,우장산동,70187,126.83779402108571,37.55298352357683
A,골목상권,3110740,금천해태공원,191288,439917,11545,금천구,11545670,시흥1동,148638,126.90153063651739,37.45862856769765
A,골목상권,3110741,독산2동주민센터,191304,440495,11545,금천구,11545620,독산2동,96407,126.9017046630445,37.46383656022357
A,골목상권,3110742,KT금천빌딩(금천구시설관리공단),191404,438635,11545,금천구,11545670,시흥1동,35970,126.90285669090942,37.44707867860115
A,골목상권,3110798,신풍역 2번,191968,444354,11560,영등포구,11560680,신길6동,21568,126.90916810677236,37.49861245831046
A,골목상권,3110765,문래동사거리,190762,445778,11560,영등포구,11560605,문래동,81024,126.89551189177746,37.51143147963066
A,골목상권,3110766,대림역 5번,190843,444085,11560,영등포구,11560720,대림3동,94929,126.89644912574266,37.496178287632986
A,골목상권,3110767,도림동주민센터,190819,445634,11560,영등포구,11560585,도림동,27268,126.8961583972878,37.51013460386422
A,골목상권,3110600,신월7동주민센터,185402,447045,11470,양천구,11470611,신월7동,158307,126.83486165433128,37.522777960294526
A,골목상권,3110466,구산역 2번,192764,456543,11380,은평구,11380625,역촌동,102377,126.91804969701305,37.608441562863476
A,골목상권,3110467,은평요양병원,192861,458363,11380,은평구,11380551,갈현1동,59339,126.91913049837581,37.62484029093253
A,골목상권,3110514,서대문우체국,194063,451114,11410,서대문구,11410585,신촌동,91935,126.93280530945287,37.55953597042736
A,골목상권,3110650,우장산힐스테이트,185747,450632,11500,강서구,11500615,우장산동,18832,126.83869481098496,37.55510210039808
A,골목상권,3110651,화원중학교,185784,448561,11500,강서구,11500540,화곡1동,142874,126.83915364557924,37.53644305357173
A,골목상권,3110652,양천향교역 2번,185848,452384,11500,강서구,11500603,가양1동,98467,126.83980405551263,37.570889053094895
A,골목상권,3110799,영등포본동주민센터,192045,445993,11560,영등포구,11560515,영등포본동,29319,126.91002115746218,37.51338058174546
A,골목상권,3110800,영등포동성당,192062,446868,11560,영등포구,11560535,영등포동,33962,126.91020399762098,37.52126449878274
A,골목상권,3110801,신풍역 6번(신길6동공영주차장),192138,444787,11560,영등포구,11560680,신길6동,14185,126.91108596644017,37.502515272283304
A,골목상권,3110802,신길동홍어거리,192263,445659,11560,영등포구,11560660,신길4동,44973,126.91249046187012,37.51037308349919
A,골목상권,3110601,신월1동우편취급국,185551,447619,11470,양천구,11470560,신월1동,220158,126.83653591090075,37.52795203678687
A,골목상권,3110602,신월시영아파트중문,185660,446618,11470,양천구,11470611,신월7동,61404,126.83778857051472,37.518934737930614
A,골목상권,3110603,지향초등학교,185868,445909,11470,양천구,11470640,신정3동,60198,126.84015504526609,37.512549854396376
A,골목상권,3110660,등촌3동주민센터,186507,450988,11500,강서구,11500535,등촌3동,151533,126.84728936932454,37.55832107704375
A,골목상권,3110778,구로디지털단지역 4번,191373,443246,11560,영등포구,11560710,대림2동,204978,126.90245239287532,37.48862394889115
A,골목상권,3110779,대림갑을명가아파트,191416,444092,11560,영등포구,11560700,대림1동,13131,126.90292873946542,37.49624685997714
A,골목상권,3110611,신정역 1번,187335,447451,11470,양천구,11470650,신정4동,105248,126.85672145126978,37.526464568346604
A,골목상권,3110784,신대림초등학교,191504,443609,11560,영등포구,11560700,대림1동,37357,126.90392945139324,37.491895815643836
A,골목상권,3110785,영등포푸르지오아파트,191520,445527,11560,영등포구,11560585,도림동,109702,126.90408827327902,37.5091772342772
A,골목상권,3110617,등촌역 4번,188071,449651,11470,양천구,11470530,목3동,57686,126.86501203740983,37.54629633318375
A,골목상권,3110618,강서고등학교,188103,448419,11470,양천구,11470540,목4동,123264,126.86539410373967,37.535196458603345
A,골목상권,3110619,목4동주민센터,188148,448006,11470,양천구,11470540,목4동,39755,126.86590990704703,37.53147591380736
A,골목상권,3110632,방화역 3번,183317,452821,11500,강서구,11500630,방화1동,70905,126.81114416473983,37.57478402665346
A,골목상권,3110633,개화산역 1번,183234,452598,11500,강서구,11500640,방화2동,21731,126.81020968720401,37.57277331235714
A,골목상권,3110634,송정역 3번,183513,450893,11500,강서구,11500620,공항동,238960,126.81340625888835,37.557416444538866
A,골목상권,3110661,강서새말어린이공원,186545,450313,11500,강서구,11500591,화곡6동,38920,126.84773181802537,37.55223991977548
A,골목상권,3110662,까치산역 1번,186666,448383,11500,강서구,11500593,화곡8동,230187,126.84913619684757,37.53485244846705
A,골목상권,3110718,한국SGI본부,190345,444894,11530,구로구,11530560,구로5동,113693,126.89080694582884,37.503462343662285
A,골목상권,3110745,독산동정훈단지,191510,440729,11545,금천구,11545620,독산2동,79548,126.90403048852814,37.46594683806725
A,골목상권,3110746,금천금빛공원(은행나무사거리서측),191548,439156,11545,금천구,11545670,시흥1동,57787,126.90447806264076,37.451774280596055
A,골목상권,3110747,석수역 1번 출입구,191566,437249,11545,금천구,11545690,시흥3동,72218,126.90470328680757,37.43459211622573
A,골목상권,3110675,화곡4동주민센터,187674,448535,11500,강서구,11500570,화곡4동,164488,126.86053834758106,37.53623598406385
A,골목상권,3110676,등촌역 7번,187709,450057,11500,강서구,11500530,등촌2동,73721,126.86090887758043,37.54994962347848
A,골목상권,3110677,등촌역 1번,188138,450469,11500,강서구,11500520,등촌1동,46900,126.86575698649337,37.55366734475919
A,골목상권,3110678,염창무학아파트,189066,450086,11500,강서구,11500510,염창동,27977,126.87626490361211,37.550228003091
A,골목상권,3110679,염창역 2번,189142,449876,11500,강서구,11500510,염창동,69101,126.87712806513225,37.54833680854631
A,골목상권,3110680,온수역 5번(온수산업단지),183950,443756,11530,구로구,11530790,수궁동,136117,126.8185078878857,37.49311994948703
A,골목상권,3110689,오류동역 3번,186094,444250,11530,구로구,11530770,오류1동,115792,126.84274264528946,37.49760566370818
A,골목상권,3110690,오류2동버들시장,186120,443658,11530,구로구,11530780,오류2동,163596,126.84304783057685,37.49227211395636
A,골목상권,3110691,개봉중학교,186250,444792,11530,구로구,11530740,개봉1동,78095,126.84449665369102,37.50249143401964
A,골목상권,3110719,영서중학교,190505,443253,11530,구로구,11530540,구로3동,12156,126.8926376285484,37.48867850808619
A,골목상권,3110720,대림역 2번,190545,443726,11530,구로구,11530550,구로4동,111299,126.89308384367953,37.4929406764136
A,골목상권,3110721,가리봉파출소,190534,442240,11530,구로구,11530595,가리봉동,71977,126.89297855818604,37.479551604922634
A,골목상권,3110768,도림2동유수지내체육시설,190898,445288,11560,영등포구,11560585,도림동,51407,126.89705620583169,37.50701791437905
A,골목상권,3110817,대방역 4번,193183,446027,11560,영등포구,11560630,신길1동,51645,126.92289272549621,37.51369602690586
A,골목상권,3110818,신대방역 3번,192054,443037,11590,동작구,11590670,신대방1동,49264,126.91015487331812,37.48674695130216
A,골목상권,3110819,신대방역 4번,192134,443262,11590,동작구,11590670,신대방1동,181264,126.91105702584524,37.48877490125431
A,골목상권,3110820,성남고등학교,193252,444990,11590,동작구,11590660,대방동,100016,126.9236826987537,37.504353122909095
A,골목상권,3110730,서울축산농협 독산역지점(독산파출소),190703,440614,11545,금천구,11545610,독산1동,115670,126.89490976198287,37.46490291619055
A,골목상권,3110731,금천구청역 1번 출입구,190837,439525,11545,금천구,11545670,시흥1동,161006,126.89643798420333,37.45509224627107
A,골목상권,3110732,가산초등학교(세일중학교),190933,441835,11545,금천구,11545610,독산1동,134081,126.89749458115419,37.475906522035814
A,골목상권,3110743,시흥초등학교(시흥1동우체국),191533,439560,11545,금천구,11545670,시흥1동,121078,126.90430389990269,37.45541423177664
A,골목상권,3110744,독산동성당,191524,441254,11545,금천구,11545640,독산4동,207152,126.90418270467585,37.47067726744691
A,골목상권,3110769,대림차이나타운(대림역 12번),190902,443500,11560,영등포구,11560710,대림2동,35768,126.8971235493342,37.49090798747462
A,골목상권,3110770,영등포구청역 6번,190958,447050,11560,영등포구,11560550,당산1동,47293,126.8977131408658,37.52289416609549
A,골목상권,3110771,대림역 11번,191056,443667,11560,영등포구,11560710,대림2동,24375,126.8988628868371,37.49241417100042
A,골목상권,3110772,신우어린이공원,191051,444852,11560,영등포구,11560720,대림3동,40126,126.89879193948084,37.50309103254977
A,골목상권,3110773,당산역 13번,191087,448516,11560,영등포구,11560620,양평2동,9756,126.89915465916857,37.53610408406031
A,골목상권,3110639,신방화역 8번,183627,451855,11500,강서구,11500630,방화1동,97165,126.8146749940266,37.566086019095295
A,골목상권,3110640,방화역 1번,183716,453166,11500,강서구,11500641,방화3동,79681,126.81565326249788,37.577899580777924
A,골목상권,3110641,공항고등학교,183939,452510,11500,강서구,11500630,방화1동,67482,126.81819214306506,37.57199300098482
A,골목상권,3110642,정곡초등학교,183978,453168,11500,강서구,11500641,방화3동,19884,126.81861923583672,37.57792219512261
A,골목상권,3110786,당산역 8번,191584,448284,11560,영등포구,11560560,당산2동,54674,126.90478057162831,37.53401843325648
A,골목상권,3110787,신길3동주민센터,191661,445257,11560,영등포구,11560650,신길3동,95882,126.90568609063068,37.50674580845403
A,골목상권,3110788,영등포시장역 3번,191702,446987,11560,영등포구,11560535,영등포동,10464,126.90613027820348,37.52233352432056
A,골목상권,3110789,대림성모병원,191713,443474,11560,영등포구,11560700,대림1동,86491,126.90629428541293,37.49068135537327
A,골목상권,3110810,영신초등학교,192632,445721,11560,영등포구,11560630,신길1동,117632,126.91666342067874,37.51093472393394
A,골목상권,3110811,보라매역 4번,192689,444412,11560,영등포구,11560680,신길6동,44661,126.91732113238506,37.499141029237336
A,골목상권,3110812,신길6동주민센터,192681,444264,11560,영등포구,11560680,신길6동,59185,126.91723213362471,37.49780747786807
A,골목상권,3110604,신월4동주민센터,185801,447110,11470,양천구,11470590,신월4동,150486,126.83937402800503,37.52336983439267
A,골목상권,3110605,목동센트럴아이파크앞,185913,446276,11470,양천구,11470610,신월6동,38129,126.8406570017279,37.51585721377825
A,골목상권,3110606,신한은행 신월동지점,185964,446724,11470,양천구,11470590,신월4동,158709,126.84122532645456,37.51989447026174
A,골목상권,3110607,금빛새마을금고본점,186338,446751,11470,양천구,11470570,신월2동,36823,126.84545548355003,37.520143351645594
A,골목상권,3110697,개봉3동주민센터,187085,442783,11530,구로구,11530760,개봉3동,81457,126.85397516427814,37.484402313249085
A,골목상권,3110698,개웅초등학교(개웅중학교),187021,443233,11530,구로구,11530760,개봉3동,131201,126.85324361249401,37.48845594025623
A,골목상권,3110748,백산초등학교,191556,438797,11545,금천구,11545710,시흥5동,70150,126.90457258515943,37.44853971878937
A,골목상권,3110620,목동보건지소,188258,448850,11470,양천구,11470540,목4동,177925,126.86714092211024,37.539081745942845
A,골목상권,3110621,목동역 5번,188298,447305,11470,양천구,11470510,목1동,34475,126.86761812174178,37.525161822788036
A,골목상권,3110622,달마을공원,188467,449542,11470,양천구,11470520,목2동,90372,126.8694948546841,37.545319284332244
A,골목상권,3110635,공항시장역 3번,183536,451639,11500,강서구,11500620,공항동,95722,126.81364982337973,37.56413825633674
A,골목상권,3110636,방화역 2번,183479,452754,11500,강서구,11500630,방화1동,44808,126.81297954691757,37.57418328295361
A,골목상권,3110637,송정역 2번,183536,451403,11500,강서구,11500620,공항동,86547,126.81365511965096,37.562011915923925
A,골목상권,3110638,신방화역 2번,183578,452151,11500,강서구,11500630,방화1동,180870,126.81411374137508,37.56875208070871
A,골목상권,3111026,문정역 2번,211145,442739,11710,송파구,11710641,문정1동,123212,127.12601152245665,37.48402890980623
A,골목상권,3111027,문정초등학교,211186,443249,11710,송파구,11710641,문정1동,124929,127.12648283683586,37.48862354516315
A,골목상권,3111025,경찰병원역 3번,211131,443863,11710,송파구,11710632,가락2동,59147,127.12587022274428,37.494156381623775
A,골목상권,3110830,상도초등학교,194593,444510,11590,동작구,11590560,상도4동,126620,126.93885241447533,37.50003712222016
A,골목상권,3110831,상도4동주민센터,194748,444356,11590,동작구,11590560,상도4동,56494,126.94060640252178,37.49865046770086
A,골목상권,3110880,신림역 1번,194115,442727,11620,관악구,11620645,서원동,38288,126.93346098403177,37.483969250297825
A,골목상권,3110881,구립대학경로당(관악산샘말공원),194358,440921,11620,관악구,11620735,대학동,234224,126.9362223021795,37.46769853841552
A,골목상권,3110882,신성초등학교,194361,441512,11620,관악구,11620665,서림동,147004,126.93625169251668,37.473023526393646
A,골목상권,3110942,염곡동 구룡사(포이동성당),204060,441129,11650,서초구,11650652,양재2동,252432,127.04589577327441,37.46958093920278
A,골목상권,3110943,법제교육센터(버들어린이공원),204103,441561,11650,서초구,11650652,양재2동,57521,127.0463842665295,37.47347311339665
A,골목상권,3110944,서울나래학교(염곡어린이공원),204555,440360,11650,서초구,11650660,내곡동,70228,127.05148668646524,37.46264985921237
A,골목상권,3110968,강남구청역 2번,203552,446131,11680,강남구,11680531,논현2동,43750,127.04017728415381,37.514651405696064
A,골목상권,3110969,베르사이유1아파트,203564,444383,11680,강남구,11680650,역삼2동,55302,127.04030454992456,37.498901794389674
A,골목상권,3110970,학동초등학교,203644,445789,11680,강남구,11680531,논현2동,50014,127.04121621721019,37.51156961384925
A,골목상권,3110971,선정릉역 4번,203791,445313,11680,강남구,11680640,역삼1동,133222,127.04287643755754,37.50728024088782
A,골목상권,3110972,강남세브란스병원미래의학연구센터,203759,443901,11680,강남구,11680650,역삼2동,46603,127.04250730304766,37.49455817070105
A,골목상권,3110973,강남구청역 4번,203850,446594,11680,강남구,11680565,청담동,66136,127.04355043686776,37.518821856356446
A,골목상권,3111037,Sh수협은행 오금동금융센터(아랫말어린이공원),212170,445014,11710,송파구,11710570,오금동,27617,127.13763832029571,37.504513831140805
A,골목상권,3111017,송파나루역 3번,210209,445524,11710,송파구,11710562,방이2동,32806,127.11546723853742,37.50913270698353
A,골목상권,3111018,풍납초등학교(풍납백제문화공원),210296,448588,11710,송파구,11710510,풍납1동,27101,127.11649415206809,37.536738404045565
A,골목상권,3111041,거여역 8번,212496,443841,11710,송파구,11710531,거여1동,12895,127.14130533593624,37.49394070670083
A,골목상권,3111042,거여역 1번(거여공원),212696,444196,11710,송파구,11710531,거여1동,146365,127.14357306164347,37.49713654406891
A,골목상권,3110848,양지어린이공원,197855,442468,11590,동작구,11590620,사당1동,116036,126.97574820925163,37.48165188517359
A,골목상권,3111077,길동주민센터(강동도서관),212662,448642,11740,강동구,11740685,길동,247203,127.14326513418865,37.537195500867774
A,골목상권,3111028,문현중학교(장지역 1번),211262,442494,11710,송파구,11710646,장지동,53688,127.12733063992445,37.48182002557716
A,골목상권,3111050,강동구청(강동구청역 2번),211002,447924,11740,강동구,11740640,성내1동,19565,127.12447223310747,37.5307476217246
A,골목상권,3111051,천호역 6번,210995,448365,11740,강동구,11740650,성내2동,159647,127.1243996374976,37.53472111071503
A,골목상권,3111052,암사역 3번(천호동자전거거리),211055,449828,11740,강동구,11740610,천호2동,129295,127.12510051019554,37.54790198936116
A,골목상권,3111053,성내천어린이공원(하니사랑길),211079,447418,11740,강동구,11740640,성내1동,139845,127.12533575007856,37.526187642325176
A,골목상권,3110823,신대방삼거리역 3번,193495,443992,11590,동작구,11590680,신대방2동,88509,126.92643975532327,37.49536283253441
A,골목상권,3110824,대방역 3번,193544,445834,11590,동작구,11590660,대방동,46862,126.92697769750927,37.51195968526966
A,골목상권,3110825,신대방삼거리역 1번,193977,444086,11590,동작구,11590550,상도3동,182490,126.93188956480161,37.496213046443046
A,골목상권,3110871,신원동주민센터,193568,442344,11620,관악구,11620655,신원동,49950,126.92727965292688,37.480514744310774
A,골목상권,3110849,이수역 10번,197978,442939,11590,동작구,11590640,사당3동,119168,126.97713757819878,37.48589591263276
A,골목상권,3110898,청림동주민센터(상도중학교),196323,443504,11620,관악구,11620545,청림동,57942,126.95842194720214,37.49098150293651
A,골목상권,3110899,낙성대역 5번(관악중학교),196737,442198,11620,관악구,11620575,행운동,73363,126.96310907993906,37.47921589038771
A,골목상권,3111029,오금역 4번,211264,444277,11710,송파구,11710632,가락2동,43089,127.12738052925893,37.497884928294894
A,골목상권,3111030,방이역 2번,211448,445215,11710,송파구,11710570,오금동,50911,127.12947590742026,37.506334079138135
A,골목상권,3110856,미성초등학교,192319,442269,11620,관악구,11620765,미성동,127503,126.91315922448254,37.47982945317871
A,골목상권,3110857,미성동주민센터,192423,441763,11620,관악구,11620765,미성동,113505,126.91434024298789,37.475271208267024
A,골목상권,3110858,신대방역 1번,192456,443061,11620,관악구,11620685,신사동,23709,126.91470002177657,37.48696656212724
A,골목상권,3110859,난향초등학교,192625,440416,11620,관악구,11620715,난향동,77274,126.916637376392,37.46313623867954
A,골목상권,3110872,신림초등학교,193607,442092,11620,관악구,11620655,신원동,53857,126.92772277446338,37.47824447329985
A,골목상권,3110873,당곡중학교,193763,443532,11620,관악구,11620525,보라매동,132683,126.9294742646681,37.49122005096885
A,골목상권,3110926,신중초등학교,200709,442463,11650,서초구,11650530,서초3동,98883,127.00801608855255,37.481609051735134
A,골목상권,3110900,낙성대역 1번(관악구민 종합체육센터),196764,441656,11620,관악구,11620625,인헌동,111817,126.96341671782614,37.474332513851415
A,골목상권,3110983,국립국악고등학교,204448,442053,11680,강남구,11680690,개포4동,56042,127.05028744787174,37.47790448472096
A,골목상권,3110984,포이초등학교(개포목련어린이공원),204610,441598,11680,강남구,11680690,개포4동,137098,127.05211611260901,37.473804098067625
A,골목상권,3110985,청담근린공원,204605,447083,11680,강남구,11680565,청담동,43265,127.05209390733614,37.52322430097347
A,골목상권,3110986,삼성중앙역 7번,204629,445676,11680,강남구,11680590,삼성2동,15944,127.052356548874,37.510547066358605
A,골목상권,3110987,영동대교남단,204745,447403,11680,강남구,11680565,청담동,31393,127.05367971777855,37.52610679807326
A,골목상권,3110832,노량진초등학교,194858,445646,11590,동작구,11590510,노량진1동,100857,126.9418413498675,37.51027405078857
A,골목상권,3110833,상도역 2번,195157,444896,11590,동작구,11590540,상도2동,54544,126.94522812869438,37.503518132531745
A,골목상권,3110834,동작구자원봉사센터,195216,445472,11590,동작구,11590510,노량진1동,33607,126.94589164292432,37.50870822761033
A,골목상권,3110909,남태령역(서울전자고등학교),199023,440767,11650,서초구,11650610,방배2동,73654,126.98895610133269,37.46632767619737
A,골목상권,3110910,내방역 5번,199070,443205,11650,서초구,11650621,방배4동,60073,126.98948430655278,37.48829433820564
A,골목상권,3110911,방배배수지체육공원,199100,441477,11650,서초구,11650620,방배3동,282743,126.98982563370724,37.47272493080895
A,골목상권,3110912,방배동사이길,199133,443860,11650,서초구,11650590,방배본동,26478,126.99019588863594,37.49419599826771
A,골목상권,3111002,한국교통안전공단 강남자동차검사소,210568,441126,11680,강남구,11680700,세곡동,59241,127.11946451874083,37.4695024332252
A,골목상권,3110927,잠원역,200988,445925,11650,서초구,11650540,잠원동,60236,127.01117516268238,37.51280164188977
A,골목상권,3110928,서초우방유쉘아파트,201045,443283,11650,서초구,11650530,서초3동,22283,127.011816131805,37.48899700142992
A,골목상권,3110929,남부터미널역 1번,201821,443233,11650,서초구,11650510,서초1동,186714,127.02059047499684,37.48854529413417
A,골목상권,3110988,청담역 3번,204796,446536,11680,강남구,11680580,삼성1동,79185,127.05425101906182,37.51829484426531
A,골목상권,3110989,대치동아우편취급국,204819,444825,11680,강남구,11680630,대치4동,40587,127.05449997860173,37.502878544358616
A,골목상권,3110990,청담역 12번,204869,446787,11680,강남구,11680565,청담동,10107,127.05507843669162,37.52055597896897
A,골목상권,3110991,삼성중앙역 5번,204965,445889,11680,강남구,11680580,삼성1동,26622,127.05615833085423,37.512464459120494
A,골목상권,3111054,암사역 4번(삼성광나루아파트),211333,450498,11740,강동구,11740580,암사2동,15538,127.12825674847986,37.553935288237795
A,골목상권,3111055,선사초등학교,211367,450633,11740,강동구,11740580,암사2동,11026,127.12864361999064,37.55515121358037
A,골목상권,3111056,천호태영아파트,211384,448701,11740,강동구,11740620,천호3동,31985,127.12880605851154,37.53774374681216
A,골목상권,3111057,천호공원(해공체육문화센터),211478,449321,11740,강동구,11740610,천호2동,116161,127.12987932321663,37.54332876710307
A,골목상권,3110883,은천초등학교(은천교앞),194431,443088,11620,관악구,11620525,보라매동,111515,126.93703112025764,37.487223846511434
A,골목상권,3110884,봉천역 4번(봉천110안전센터),194626,442864,11620,관악구,11620605,은천동,43849,126.93923762562211,37.485206743766895
A,골목상권,3111003,삼전역 4번,207293,444982,11710,송파구,11710650,잠실본동,272855,127.0824809580479,37.504276899620265
A,골목상권,3111004,삼전역 1번,207529,445253,11710,송파구,11710650,잠실본동,245561,127.08515279573975,37.50671672745682
A,골목상권,3111005,삼전역 3번,207842,444670,11710,송파구,11710610,삼전동,193689,127.08868660012052,37.501461266767535
A,골목상권,3111006,석촌고분역 1번,208309,445053,11710,송파구,11710610,삼전동,182032,127.09397230648412,37.50490803067036
A,골목상권,3111059,강동역 4번(강풀만화거리),211519,448272,11740,강동구,11740650,성내2동,282300,127.13032680682069,37.533876788109865
A,골목상권,3110829,장승배기역 5번,194538,445369,11590,동작구,11590520,노량진2동,92311,126.93822404487153,37.507776431607745
A,골목상권,3110877,신림역 8번,194080,442990,11620,관악구,11620695,신림동,103978,126.93306314109579,37.486338677230954
A,골목상권,3111058,성내중학교,211510,447825,11740,강동구,11740640,성내1동,39694,127.13021797817682,37.529849435267344
A,골목상권,3110850,사당역 10번,198068,442220,11590,동작구,11590620,사당1동,202958,126.97815707930891,37.47941785252698
A,골목상권,3110851,경문고등학교(동작동성당),198202,443594,11590,동작구,11590630,사당2동,115412,126.9796687098256,37.49179797650655
A,골목상권,3110945,본마을노인복지센터(서초구립내곡도서관),204653,439500,11650,서초구,11650660,내곡동,104024,127.05258898631524,37.454900667788976
A,골목상권,3110946,청계산원터골,204990,438236,11650,서초구,11650652,양재2동,17189,127.05638926596025,37.44351010149927
A,골목상권,3110947,청계산입구역 2번(내곡동주민센터),205203,438567,11650,서초구,11650660,내곡동,84941,127.05879859538975,37.44649128517344
A,골목상권,3111060,암사역 2번(서울강동초등학교),211503,449728,11740,강동구,11740610,천호2동,219221,127.13016858602187,37.54699551295604
A,골목상권,3110860,호림박물관(성보고등학교),192858,442483,11620,관악구,11620765,미성동,69058,126.91925103502298,37.48176193235565
A,골목상권,3110861,관악구신사동주민센터,192729,442721,11620,관악구,11620685,신사동,200822,126.91779018557327,37.483905325185546
A,골목상권,3111019,한성백제역 3번,210404,446016,11710,송파구,11710562,방이2동,182798,127.11767970969707,37.5135634626904
A,골목상권,3111020,방이동고분군(방산고등학교),210664,445286,11710,송파구,11710561,방이1동,28997,127.1206099818534,37.50698317749334
A,골목상권,3110901,인헌고등학교(인헌중학교),197183,441216,11620,관악구,11620625,인헌동,92180,126.96815523319425,37.470369440518155
A,골목상권,3110902,사당역 4번,198001,441642,11620,관악구,11620630,남현동,250733,126.97740115501247,37.47420987457289
A,골목상권,3110903,방배아이파크아파트,198645,443636,11650,서초구,11650590,방배본동,92803,126.98467795466243,37.49217715544628
A,골목상권,3111031,장지동주민센터(한림연예예술고교),211550,442964,11710,송파구,11710646,장지동,83345,127.1305941940208,37.486051200890266
A,골목상권,3111032,방이역 1번,211513,445488,11710,송파구,11710570,오금동,77913,127.13021532267395,37.50879300826817
A,골목상권,3110862,난곡초등학교(난곡동벽화마을),192771,441384,11620,관악구,11620775,난곡동,58047,126.91827817871315,37.4718591698255
A,골목상권,3110913,방현초등학교(방배119안전센터),198951,441910,11650,서초구,11650620,방배3동,148771,126.9881405944352,37.476626146972635
A,골목상권,3110914,내방역 6번,199218,443346,11650,서초구,11650621,방배4동,16286,126.99115762197954,37.48956489631155
A,골목상권,3110930,서초동성당,201869,443675,11650,서초구,11650510,서초1동,98532,127.02113434425956,37.49252765149737
A,골목상권,3110931,삼성전자서울R&D(서울우면초등학교),201846,440746,11650,서초구,11650651,양재1동,44205,127.02086692437558,37.466137137513066
A,골목상권,3110932,서울시인재개발원,202047,442729,11650,서초구,11650510,서초1동,40038,127.02314450898045,37.48400374005414
A,골목상권,3110933,한국상담대학원대학교,202095,443011,11650,서초구,11650510,서초1동,24916,127.02368802557318,37.48654447590172
A,골목상권,3110934,우면주공아파트,202315,441057,11650,서초구,11650651,양재1동,80617,127.02616941071274,37.46893822662192
A,골목상권,3110935,한전아트센터,202358,442988,11650,서초구,11650520,서초2동,32304,127.02666167514542,37.486336610397004
A,골목상권,3110992,도곡초등학교,205007,444509,11680,강남구,11680630,대치4동,138866,127.05662399395345,37.50003036704141
A,골목상권,3110993,개포지하차도 북측,205172,442045,11680,강남구,11680660,개포1동,37865,127.05847266511807,37.477828636839426
A,골목상권,3110994,개포고등학교,205433,442662,11680,강남구,11680670,개포2동,61589,127.06142798105036,37.48338636262938
A,골목상권,3110995,봉은사역 4번,205554,446410,11680,강남구,11680580,삼성1동,122757,127.0628243482368,37.51715533112735
A,골목상권,3110996,대치2동주민센터,205656,444713,11680,강남구,11680610,대치2동,112841,127.06396507703604,37.50186467208032
A,골목상권,3110835,상도역 1번,195387,444723,11590,동작구,11590530,상도1동,39906,126.94783039548784,37.50196057073668
A,골목상권,3110836,상도역 5번,195705,444812,11590,동작구,11590530,상도1동,239852,126.95142621863678,37.50276399907485
A,골목상권,3110915,서래초등학교,199372,443950,11650,서초구,11650590,방배본동,76657,126.99289844460696,37.49500709788962
A,골목상권,3111007,석촌고분역 4번,208301,444502,11710,송파구,11710610,삼전동,163064,127.09387561308928,37.499943567584296
A,골목상권,3111008,석촌고분역 3번,208871,444507,11710,송파구,11710600,석촌동,104883,127.1003217674192,37.49998331948502
A,골목상권,3110878,미림여고,194051,440617,11620,관악구,11620745,삼성동,45308,126.93275440086107,37.46495754205565
A,골목상권,3110879,신림현대아파트,194114,441623,11620,관악구,11620745,삼성동,51568,126.93345849830335,37.47402210757342
A,골목상권,3110936,더케이호텔(양재리본타워2단지아파트),203096,440710,11650,서초구,11650652,양재2동,43233,127.03499659545136,37.46580943362619
A,골목상권,3110937,방아다리근린공원(횃불트리니티신학대학원대학교),203216,442094,11650,서초구,11650651,양재1동,40444,127.03635909218839,37.47827900553919
A,골목상권,3110938,바우뫼공원,203215,441748,11650,서초구,11650651,양재1동,38156,127.03634627667476,37.475161516136076
A,골목상권,3111043,마천공원,212869,444598,11710,송파구,11710550,마천2동,67894,127.14553646050463,37.500756183807006
A,골목상권,3111044,남천초등학교,213170,444431,11710,송파구,11710550,마천2동,129883,127.14893749244365,37.49924726592884
A,골목상권,3110885,영락고등학교,194629,441770,11620,관악구,11620665,서림동,138911,126.93927952242284,37.47534972675296
A,골목상권,3110886,관악해태어린이공원,194687,441400,11620,관악구,11620665,서림동,78673,126.93993789413283,37.47201632617376
A,골목상권,3110887,서울산업정보학교(서울삼성초등학교),194840,441125,11620,관악구,11620735,대학동,56397,126.94166944457962,37.469539414833946
A,골목상권,3110948,헌인가구단지,207939,439987,11650,서초구,11650660,내곡동,198674,127.08973311889417,37.459266232558974
A,골목상권,3111009,송파책박물관,208954,444377,11710,송파구,11710600,석촌동,34040,127.10125882793189,37.49881121238397
A,골목상권,3111010,석촌역 7번,208985,445109,11710,송파구,11710600,석촌동,200178,127.10161833772673,37.5054062634517
A,골목상권,3111011,잠실나루역,209225,446847,11710,송파구,11710690,잠실4동,25839,127.10435448058153,37.52106332251792
A,골목상권,3111012,석촌역 6번,209339,444753,11710,송파구,11710600,석촌동,120754,127.10561747375874,37.50219517719213
A,골목상권,3111013,송파나루역 1번(송리단길),209567,445551,11710,송파구,11710580,송파1동,191523,127.10820636509024,37.509382852628754
A,골목상권,3111045,개미어린이공원,213176,443573,11710,송파구,11710532,거여2동,42008,127.14898998707609,37.491516567954285
A,골목상권,3111046,마천역(마천초등학교),213476,444071,11710,송파구,11710540,마천1동,209850,127.15239139655954,37.495999240540726
A,골목상권,3111047,마천1치안센터,213853,444135,11710,송파구,11710540,마천1동,131215,127.15665583665135,37.49657030635304
A,골목상권,3110826,장승배기역 4번,194212,444888,11590,동작구,11590540,상도2동,115676,126.93454072724737,37.50344061329934
A,골목상권,3110827,NH농협은행 상도동지점,194245,444648,11590,동작구,11590560,상도4동,68956,126.93491581693598,37.5012784070823
A,골목상권,3110828,노량진역 6번,194358,445728,11590,동작구,11590520,노량진2동,236972,126.93618546819476,37.511009954205484
A,골목상권,3110852,이수역 9번,198205,442660,11590,동작구,11590620,사당1동,44183,126.97970490974784,37.48338256793148
A,골목상권,3110853,KT구로지사,191353,442391,11620,관악구,11620725,조원동,80033,126.90223628689705,37.4809201509186
A,골목상권,3110854,조원동주민센터,191838,442556,11620,관악구,11620725,조원동,47109,126.90771790286111,37.482411223638444
A,골목상권,3110855,신대방역 2번,192238,442777,11620,관악구,11620725,조원동,155155,126.9122380925766,37.484405896181045
A,골목상권,3110949,한남IC,201701,446824,11680,강남구,11680510,신사동,62126,127.01924190902562,37.520900625032915
A,골목상권,3110950,논현역 7번,202115,446018,11680,강남구,11680521,논현1동,46164,127.02392280625415,37.51363768176311
A,골목상권,3110951,신사은행나무공원,202237,446807,11680,강남구,11680510,신사동,29000,127.02530515090473,37.520746311113015
A,골목상권,3110952,논현목련공원,202337,445761,11680,강남구,11680521,논현1동,21629,127.02643303571321,37.51132156590984
A,골목상권,3110953,학동근린공원,202401,446272,11680,강남구,11680521,논현1동,92947,127.02715858682251,37.51592553184007
A,골목상권,3110954,국기원,202530,444776,11680,강남구,11680640,역삼1동,39799,127.02861260731483,37.502446158373125
A,골목상권,3110955,논현초등학교,202603,445503,11680,강남구,11680521,논현1동,190913,127.02944076055603,37.508996262830124
A,골목상권,3110956,언주역 8번,202762,445017,11680,강남구,11680640,역삼1동,71587,127.03123727641653,37.504616916864755
A,골목상권,3111048,천호역 1번(천호문구완구거리),210722,449052,11740,강동구,11740610,천호2동,69265,127.12132089509707,37.54091418243181
A,골목상권,3111049,천호지구대(천호동자전거거리),210912,449349,11740,강동구,11740610,천호2동,110424,127.12347517955997,37.54358791690794
A,골목상권,3110863,난우초등학교,192760,441872,11620,관악구,11620765,미성동,109345,126.91814903209799,37.4762560085099
A,골목상권,3111021,방이역 4번,210857,445756,11710,송파구,11710561,방이1동,324278,127.12279974688528,37.51121564107836
A,골목상권,3111022,석촌중학교(방이육교),211018,444834,11710,송파구,11710620,가락본동,80535,127.12460694915103,37.502906487064415
A,골목상권,3111023,문정역 1번,210889,443165,11710,송파구,11710641,문정1동,61838,127.1231233502374,37.48787024777591
A,골목상권,3110904,이수역 5번,198658,442868,11650,서초구,11650610,방배2동,47127,126.984826355552,37.4852574343676
A,골목상권,3110905,방배노인종합복지관(이수중학교),198767,442486,11650,서초구,11650610,방배2동,76869,126.98605942962958,37.481815733304714
A,골목상권,3110906,서문여고,198789,443409,11650,서초구,11650621,방배4동,37319,126.98630664868188,37.490132068488606
A,골목상권,3110907,방배초등학교,198700,443064,11650,서초구,11650621,방배4동,103888,126.98530089260097,37.48702347050339
A,골목상권,3110908,구반포역,198833,444737,11650,서초구,11650550,반포본동,28724,126.98680207203515,37.50209749402901
A,골목상권,3111033,문정동성당,211788,443156,11710,송파구,11710646,장지동,23375,127.13328829277718,37.487778126640926
A,골목상권,3111034,오동나무공원(송파레미니스1단지),211895,445248,11710,송파구,11710570,오금동,139482,127.13453196048948,37.50662576054443
A,골목상권,3110864,신림우방아파트,192874,443085,11620,관악구,11620685,신사동,106563,126.91942610947666,37.48718612163995
A,골목상권,3110865,남강고등학교(남강중학교),193005,441570,11620,관악구,11620775,난곡동,181632,126.92092171529349,37.473536847262565
A,골목상권,3110916,내방역 4번,199314,442867,11650,서초구,11650600,방배1동,103116,126.9922435775226,37.48524914404242
A,골목상권,3110939,양재역 8번(양재동우체국),203504,442512,11650,서초구,11650651,양재1동,218114,127.03961711792392,37.482044176111465
A,골목상권,3110940,양재근린공원(양재2동주민센터),203594,441388,11650,서초구,11650652,양재2동,32454,127.0406291976269,37.47191648467483
A,골목상권,3110941,언남고등학교,203702,441596,11650,서초구,11650652,양재2동,23167,127.04185115304308,37.473790159444405
A,골목상권,3111024,경찰병원역 4번(건너말공원),210919,443695,11710,송파구,11710620,가락본동,34910,127.12347042338958,37.492645223029825
A,골목상권,3110997,대청초등학교,207481,443569,11680,강남구,11680730,일원1동,236964,127.08459279952699,37.491544188739695
A,골목상권,3110998,은곡마을(은곡마을공원),208665,440810,11680,강남구,11680700,세곡동,116896,127.09794863113454,37.46667503304304
A,골목상권,3110999,윗방죽마을공원,209190,441356,11680,강남구,11680700,세곡동,239797,127.10388999835395,37.47158947606482
A,골목상권,3111000,대왕초등학교(세곡동사거리서남측),209464,440465,11680,강남구,11680700,세곡동,52892,127.10697603547517,37.46355871743175
A,골목상권,3111001,아래방죽마을공원(율현초등학교),209611,441303,11680,강남구,11680700,세곡동,159591,127.10864856928458,37.47110766115253
A,골목상권,3110837,숭실대입구역 1번,195884,443947,11590,동작구,11590530,상도1동,148274,126.95345543447249,37.49497111222602
A,골목상권,3110838,상도1동주민센터앞,195911,444210,11590,동작구,11590530,상도1동,13134,126.95375929484123,37.49734087900624
A,골목상권,3110839,숭실대입구역 4번,196190,443894,11590,동작구,11590530,상도1동,68786,126.95691601812626,37.494494891316954
A,골목상권,3110888,청룡동주민센터,195012,442181,11620,관악구,11620595,청룡동,38688,126.94360664715312,37.47905502019646
A,골목상권,3110917,서초소방서,199357,444216,11650,서초구,11650581,반포4동,48294,126.99272858909924,37.49740376539021
A,골목상권,3110918,방배역 3번,199432,442516,11650,서초구,11650600,방배1동,62846,126.99357804332585,37.48208668385183
A,골목상권,3110919,내방역 8번,199552,443466,11650,서초구,11650621,방배4동,88173,126.99493421679534,37.490646327770875
A,골목상권,3110920,방배역 2번(백석예술대학교),199665,442337,11650,서초구,11650620,방배3동,15874,126.99621248371437,37.48047399158444
A,골목상권,3110874,원신초등학교(구세군관악영문교회),193872,440965,11620,관악구,11620745,삼성동,110847,126.9307281502625,37.46809189016671
A,골목상권,3110875,보라매동주민센터(당곡고등학교),194004,443276,11620,관악구,11620525,보라매동,62226,126.93220148830412,37.488915068375626
A,골목상권,3110876,서원동주민센터(신관중학교),194029,442218,11620,관악구,11620645,서원동,59122,126.9324927479113,37.479382566439355
A,골목상권,3111089,상일여고(상일초등학교),215142,449858,11740,강동구,11740520,상일동,126943,127.17135024456684,37.54811423179494
A,골목상권,3111090,강일동주민센터,215352,451742,11740,강동구,11740515,강일동,29486,127.17376605352426,37.565085473474284
A,골목상권,3111061,암사역 1번,211593,450267,11740,강동구,11740570,암사1동,175331,127.13119554025,37.55185075538313
A,골목상권,3111062,둔촌동역 3번(성내3동주민센터),211636,447220,11740,강동구,11740660,성내3동,106811,127.13163389250455,37.5243968073635
A,골목상권,3110889,봉천역 6번,195155,442768,11620,관악구,11620605,은천동,42797,126.94521951542806,37.48434470072742
A,골목상권,3110890,봉천역 1번(관악초등학교),195190,442296,11620,관악구,11620595,청룡동,53715,126.94561832862236,37.48009212372077
A,골목상권,3110891,구암초등학교,195414,443215,11620,관악구,11620565,성현동,40509,126.94814514042771,37.488373527251575
A,골목상권,3110957,언북중학교,202797,446468,11680,강남구,11680531,논현2동,94815,127.03163863224623,37.517690383667826
A,골목상권,3110958,역삼역 4번,202887,444846,11680,강남구,11680640,역삼1동,73119,127.032650312549,37.50307581535111
A,골목상권,3110959,신구중학교,202859,447326,11680,강남구,11680545,압구정동,35960,127.03234329010427,37.5254207967679
A,골목상권,3110960,은광여고,203027,443113,11680,강남구,11680655,도곡1동,25543,127.03422650536992,37.487460921214144
A,골목상권,3111014,송파나루역 2번,209833,445902,11710,송파구,11710562,방이2동,72714,127.11121961236134,37.5125425779649
A,골목상권,3111015,석촌역 3번,209895,445180,11710,송파구,11710580,송파1동,226584,127.11191117169507,37.50603667404324
A,골목상권,3111016,송파역 2번,210199,444586,11710,송파구,11710590,송파2동,99527,127.11534113261456,37.500681404240055
A,골목상권,3111038,보인중학교,212297,444483,11710,송파구,11710570,오금동,83602,127.13906576695737,37.49972782218089
A,골목상권,3111039,벌말어린이공원,212262,444754,11710,송파구,11710570,오금동,63272,127.13867447153532,37.50217000650291
A,골목상권,3110843,사당5동주민센터,197095,442986,11590,동작구,11590651,사당5동,42412,126.96715345813965,37.486317032647825
A,골목상권,3110844,흑석2치안센터,197209,445122,11590,동작구,11590605,흑석동,25007,126.96843434521958,37.505562885150574
A,골목상권,3111063,강동구립 천호도서관,211691,448962,11740,강동구,11740620,천호3동,150522,127.13228380422073,37.54009151114284
A,골목상권,3111064,둔촌동역 4번,211697,447577,11740,강동구,11740660,성내3동,51128,127.13232964353003,37.52761260530839
A,골목상권,3111065,천일초등학교,211843,449114,11740,강동구,11740620,천호3동,62233,127.13400613278739,37.54145908808072
A,골목상권,3110961,언주역 3번,203028,445716,11680,강남구,11680531,논현2동,63031,127.03424852226986,37.51091410642729
A,골목상권,3110962,도산공원북측,203103,447371,11680,강남구,11680545,압구정동,10044,127.03510380239632,37.525825459509036
A,골목상권,3110963,역삼월드메르디앙아파트,203282,443673,11680,강남구,11680640,역삼1동,40391,127.03711230427788,37.4925056925723
A,골목상권,3110964,싸리고개근린공원,203329,443418,11680,강남구,11680655,도곡1동,21894,127.03764261924843,37.49020795593002
A,골목상권,3110965,언주역 6번,203346,445193,11680,강남구,11680640,역삼1동,65108,127.0378429161328,37.506200754637085
A,골목상권,3111035,오금공원(오주중학교),211906,444832,11710,송파구,11710570,오금동,95041,127.13464963793048,37.502877446707714
A,골목상권,3110821,보라매역 2번,193222,444165,11590,동작구,11590680,신대방2동,128484,126.92335100919047,37.496919610156816
A,골목상권,3110822,신대방삼거리역 4번(대림초등학교),193481,444719,11590,동작구,11590660,대방동,91041,126.92627500021709,37.50191304446327
A,골목상권,3110866,난우중학교,193145,441089,11620,관악구,11620775,난곡동,139406,126.92250888426989,37.46920403931831
A,골목상권,3110845,사당종합체육관,197367,443492,11590,동작구,11590640,사당3동,33058,126.97022712492597,37.49087694684154
A,골목상권,3110846,남성역 1번,197550,442407,11590,동작구,11590650,사당4동,212396,126.97230002266343,37.48110151163349
A,골목상권,3110847,예술인마을,197545,441956,11590,동작구,11590620,사당1동,104588,126.9722449950684,37.47703794678495
A,골목상권,3110895,샤로수길,196117,441883,11620,관악구,11620585,낙성대동,315417,126.9561011279273,37.47637531474311
A,골목상권,3111066,암사동성당(효정하나플러스아파트),211877,449977,11740,강동구,11740570,암사1동,106562,127.1344048084421,37.54923425244234
A,골목상권,3111067,강동구립성내도서관,211931,448063,11740,강동구,11740660,성내3동,203966,127.13498479934741,37.531988464913475
A,골목상권,3111068,강동성심병원,211962,448499,11740,강동구,11740685,길동,19646,127.13534262472469,37.53591641659651
A,골목상권,3111069,천호1동주민센터,212044,449449,11740,강동구,11740600,천호1동,110491,127.13628598009838,37.544474825181176
A,골목상권,3111036,투구봉어린이공원,212118,443829,11710,송파구,11710632,가락2동,31938,127.13703070858396,37.4938376214479
A,골목상권,3110840,중앙대학교,196335,445395,11590,동작구,11590605,흑석동,107472,126.95854822113027,37.50801957342652
A,골목상권,3110867,국제신학대학원대학교(남서울중학교),193263,442535,11620,관악구,11620655,신원동,95938,126.92382957139145,37.48223349725715
A,골목상권,3110868,남부초등학교,193212,442810,11620,관악구,11620685,신사동,87679,126.9232504169453,37.48471089568093
A,골목상권,3110869,"신림역 5번(신림동주민센터, 신림동별빛거리)",193410,443070,11620,관악구,11620695,신림동,194701,126.92548680651547,37.48705494828831
A,골목상권,3110870,신림주공2단지(광신고등학교),193495,440449,11620,관악구,11620745,삼성동,26565,126.92647104105255,37.46344010028365
A,골목상권,3110896,관악우성아파트,196226,442968,11620,관악구,11620575,행운동,23731,126.95732785728279,37.48615171097216
A,골목상권,3110897,서울대입구역 8번,196233,442468,11620,관악구,11620575,행운동,115911,126.95740956273038,37.481646697842024
A,골목상권,3110974,언주중학교,203972,446014,11680,강남구,11680590,삼성2동,35151,127.04492734334141,37.5135955199018
A,골목상권,3110975,매봉역 1번,203984,443063,11680,강남구,11680655,도곡1동,52363,127.04504709957133,37.48700678702529
A,골목상권,3110976,언북초등학교,204115,446924,11680,강남구,11680565,청담동,55724,127.04654991056013,37.521794022013864
A,골목상권,3110977,논현로18길,204154,442000,11680,강남구,11680690,개포4동,17288,127.04696329450157,37.47742831770247
A,골목상권,3111070,천호초등학교,212144,449775,11740,강동구,11740600,천호1동,59080,127.13742293636366,37.547410762366354
A,골목상권,3111071,천동초등학교,212285,448978,11740,강동구,11740685,길동,35500,127.1390051712396,37.5402279504402
A,골목상권,3111072,굽은다리역 1번(십자성마을),212306,449281,11740,강동구,11740600,천호1동,153254,127.1392478634447,37.54295769170239
A,골목상권,3111073,둔촌동역 1번(한산중학교),212348,447971,11740,강동구,11740700,둔촌2동,179874,127.13970109005331,37.53115405950385
A,골목상권,3110841,중대부중,196769,445000,11590,동작구,11590605,흑석동,60861,126.96345856937822,37.50446222425493
A,골목상권,3110842,흑리단길,196906,445314,11590,동작구,11590605,흑석동,29278,126.96500666857686,37.507291849271816
A,골목상권,3110921,서울프랑스학교,199704,444220,11650,서초구,11650581,반포4동,35625,126.99665266148172,37.49743998201074
A,골목상권,3110922,내방역 1번,199733,442978,11650,서초구,11650600,방배1동,62116,126.99698106061803,37.48624947929316
A,골목상권,3110923,방배역 1번,199982,442335,11650,서초구,11650620,방배3동,14707,126.99979649171095,37.48045603193269
A,골목상권,3110924,반포4동주민센터(몽마르뜨공원),200061,444151,11650,서초구,11650581,반포4동,75392,127.00068981742254,37.49681833288997
A,골목상권,3110925,서초중학교,200617,443038,11650,서초구,11650530,서초3동,71878,127.00697640080861,37.48678991680312
A,골목상권,3110978,도곡2동주민센터(대치중학교),204135,442692,11680,강남구,11680656,도곡2동,14234,127.0467523734254,37.483663383777404
A,골목상권,3110979,청담초등학교,204205,447539,11680,강남구,11680565,청담동,63403,127.04757153112553,37.52733477902144
A,골목상권,3110980,개포지구대옆,204236,442346,11680,강남구,11680690,개포4동,85828,127.04789233962612,37.4805454368145
A,골목상권,3110981,국악고교사거리,204328,441797,11680,강남구,11680690,개포4동,67409,127.04892926875071,37.475598470393415
A,골목상권,3110982,강남구보훈회관,204400,446173,11680,강남구,11680590,삼성2동,19865,127.04976940660319,37.515026175047964
A,골목상권,3111040,거여초등학교,212430,444869,11710,송파구,11710570,오금동,57097,127.14057636913041,37.50320391428926
A,골목상권,3111074,명일역 1번,212387,450205,11740,강동구,11740570,암사1동,49436,127.14018000099055,37.55128181237798
A,골목상권,3111075,굽은다리역 2번,212465,449915,11740,강동구,11740600,천호1동,87782,127.14105777722531,37.548667873482714
A,골목상권,3111076,둔촌2동주민센터,212654,448239,11740,강동구,11740700,둔촌2동,60068,127.14316767622354,37.53356458912888
A,골목상권,3110892,관악구 중앙길,195677,442761,11620,관악구,11620615,중앙동,259916,126.95112160044752,37.484284219236116
A,골목상권,3110893,관악소방서(문영여고),195802,441665,11620,관악구,11620595,청룡동,16048,126.95254116974414,37.474409737121945
A,골목상권,3110894,관악동부센트레빌아파트(은천로35라길),195881,443185,11620,관악구,11620565,성현동,30920,126.95342577306633,37.48810542459207
A,골목상권,3110966,논현2동주민센터,203386,446575,11680,강남구,11680531,논현2동,93545,127.03830167448663,37.518652484450016
A,골목상권,3110967,역삼역 8번,203374,445011,11680,강남구,11680640,역삼1동,68672,127.03815875854602,37.504560823474804
D,발달상권,3120044,삼각지역,197638,448269,11170,용산구,11170625,한강로동,134419,126.97327613890431,37.53391864671039
D,발달상권,3120045,남영동 먹자골목,197641,449262,11170,용산구,11170530,남영동,66870,126.9733068920239,37.54286558593868
D,발달상권,3120046,이태원(이태원역),199539,448381,11170,용산구,11170650,이태원1동,283429,126.99478413778357,37.534930676156144
D,발달상권,3120100,망원역,192088,450652,11440,마포구,11440690,망원1동,67876,126.91045735413947,37.55535853038764
D,발달상권,3120101,합정역,192355,449998,11440,마포구,11440660,서교동,251511,126.91348588732001,37.549468262404794
D,발달상권,3120158,녹두거리(대학동),194428,441211,11620,관악구,11620735,대학동,117372,126.93701139594275,37.47031189276306
D,발달상권,3120047,한남오거리,200669,448168,11170,용산구,11170685,한남동,156210,127.0075690290704,37.53301141680184
D,발달상권,3120048,금호역,201735,449865,11200,성동구,11200620,금호4가동,61031,127.01963370266444,37.54829999550683
D,발달상권,3120105,상수역(홍대),193209,449875,11440,마포구,11440655,서강동,102057,126.92315124845221,37.54836672037311
D,발달상권,3120102,서교동(홍대),192713,450597,11440,마포구,11440660,서교동,246429,126.91753121902063,37.554868134491784
D,발달상권,3120103,홍대입구역(홍대),192825,450117,11440,마포구,11440660,서교동,461923,126.91880344160859,37.55054422664607
D,발달상권,3120104,연남동(홍대),193150,451174,11440,마포구,11440710,연남동,437447,126.9224714657634,37.56007023507463
D,발달상권,3120157,신림역(신림),193830,442811,11620,관악구,11620695,신림동,237915,126.93023791719077,37.484724238201885
D,발달상권,3120154,장승배기역,194741,444997,11590,동작구,11590540,상도2동,84828,126.94052266021389,37.5044258725142
D,발달상권,3120155,총신대학교,196863,443233,11590,동작구,11590651,사당5동,46691,126.96452920576121,37.488541763695316
D,발달상권,3120156,"총신대입구역(이수, 총신대)",198382,442950,11590,동작구,11590630,사당2동,246965,126.98170551541705,37.48599581916168
D,발달상권,3120042,"숙대입구역(남영역, 남영동)",197505,449194,11170,용산구,11170530,남영동,87154,126.97176822424127,37.54225254838164
D,발달상권,3120043,서울역,197609,450759,11140,중구,11140540,회현동,435455,126.97293992249331,37.556353450145394
D,발달상권,3120001,서대문역,197004,451905,11110,종로구,11110580,교남동,148292,126.96608817274021,37.566677102939934
D,발달상권,3120049,왕십리역(왕십리),203287,451265,11200,성동구,11200560,행당1동,193725,127.03720279807932,37.56090973532495
D,발달상권,3120050,서울숲역,204150,449189,11200,성동구,11200650,성수1가1동,58913,127.04695863222238,37.54220153634795
D,발달상권,3120051,뚝섬역,204279,449686,11200,성동구,11200660,성수1가2동,218163,127.04842120587679,37.54667891193152
D,발달상권,3120052,성수역,205008,449464,11200,성동구,11200690,성수2가3동,298939,127.0566690594387,37.54467502389429
D,발달상권,3120053,건대입구역(건대),206135,449004,11215,광진구,11215710,화양동,275082,127.0694180102895,37.54052361998077
D,발달상권,3120054,어린이대공원역,206380,449814,11215,광진구,11215730,군자동,145202,127.07219724027671,37.547820046908846
D,발달상권,3120055,군자역,207011,450848,11215,광진구,11215730,군자동,288693,127.0793476213953,37.55713177654428
D,발달상권,3120056,구의역,207505,448675,11215,광진구,11215850,구의1동,158734,127.08491629282449,37.53754920268015
D,발달상권,3120108,신정네거리역,186973,446939,11470,양천구,11470650,신정4동,184201,126.8526352486175,37.52184641197067
D,발달상권,3120109,서울남부지방법원,187627,446919,11470,양천구,11470620,신정1동,112835,126.86003377953539,37.52167521099988
D,발달상권,3120162,방배동카페골목,198745,444033,11650,서초구,11650590,방배본동,95526,126.98580805606072,37.495754294560726
D,발달상권,3120163,사당역 11번(사당역먹자골목),198745,442219,11650,서초구,11650610,방배2동,87254,126.98581114766932,37.47941000949856
D,발달상권,3120164,내방역,199436,443193,11650,서초구,11650621,방배4동,212543,126.9936227499084,37.48818651312079
D,발달상권,3120002,서촌(경복궁역),197511,453304,11110,종로구,11110530,사직동,176637,126.97182217376677,37.579283529870374
D,발달상권,3120003,광화문역,197756,452492,11110,종로구,11110530,사직동,394522,126.97459828971189,37.57196808426292
D,발달상권,3120004,종로구청,198330,452729,11110,종로구,11110615,종로1?2?3?4가동,124067,126.98109533500013,37.57410466145737
D,발달상권,3120005,삼청동,198327,453771,11110,종로구,11110540,삼청동,251643,126.98105899645378,37.58349301373539
D,발달상권,3120057,아차산역,207685,450529,11215,광진구,11215750,중곡2동,201257,127.08697232874627,37.55425222476908
D,발달상권,3120058,구의사거리,207770,449446,11215,광진구,11215850,구의1동,92657,127.0879228233173,37.544493709236626
D,발달상권,3120110,목동역 8번출구,187758,447371,11470,양천구,11470650,신정4동,126667,126.8615081498464,37.52574947721169
D,발달상권,3120111,목동사거리,187899,448051,11500,강서구,11500570,화곡4동,126109,126.86309205939345,37.531878131050874
D,발달상권,3120112,등촌역,188046,450164,11470,양천구,11470530,목3동,183773,126.86472078637462,37.5509181198166
D,발달상권,3120106,마포역,195229,448938,11440,마포구,11440590,용강동,136724,126.94601617916638,37.53993702437845
D,발달상권,3120107,공덕역(공덕오거리),195756,449256,11440,마포구,11440585,도화동,192218,126.95197733961056,37.54280477812483
D,발달상권,3120159,서울대입구역,195747,442391,11620,관악구,11620595,청룡동,235418,126.95191519812431,37.48095081268923
D,발달상권,3120160,사당역(사당),198414,442010,11650,서초구,11650610,방배2동,254257,126.98206935862181,37.47752639125283
D,발달상권,3120161,방배동가구거리(사당동가구거리),198539,443946,11650,서초구,11650590,방배본동,51195,126.9834787145183,37.49497011583308
D,발달상권,3120006,종각역,198542,452315,11110,종로구,11110615,종로1?2?3?4가동,270326,126.98349603169189,37.57037490191488
D,발달상권,3120007,북촌(안국역),198741,453290,11110,종로구,11110600,가회동,197675,126.98574695667236,37.57915989328047
D,발달상권,3120008,인사동,198695,452707,11110,종로구,11110615,종로1?2?3?4가동,182319,126.98522723193123,37.57390703196603
D,발달상권,3120059,구삼강변맛길,208190,448825,11215,광진구,11215870,구의3동,108961,127.09266847748853,37.53889487383089
D,발달상권,3120060,강변역(테크노마트),208364,448372,11215,광진구,11215870,구의3동,127108,127.09463209799448,37.534811785832595
D,발달상권,3120061,올림픽대교북단,208468,449028,11215,광진구,11215870,구의3동,47188,127.09581633739666,37.5407213910826
D,발달상권,3120062,신설동역,202164,452823,11230,동대문구,11230536,용신동,271900,127.024497100405,37.57495056845485
D,발달상권,3120063,청량리역(청량리),204223,453496,11230,동대문구,11230560,전농1동,316933,127.04780944194178,37.58100711945642
D,발달상권,3120113,오목교역,188859,447176,11470,양천구,11470510,목1동,140753,126.87396651909376,37.524006475648484
D,발달상권,3120114,목동신시가지,188989,447968,11470,양천구,11470510,목1동,421429,126.87542528536237,37.53114395403733
D,발달상권,3120115,김포공항역(김포공항),182509,451952,11500,강서구,11500640,방화2동,700542,126.80201817298321,37.56693943739412
D,발달상권,3120175,남부터미널역,201602,442852,11650,서초구,11650510,서초1동,259951,127.01811336179759,37.48511285891225
D,발달상권,3120010,원남동사거리,199800,452831,11110,종로구,11110615,종로1?2?3?4가동,99120,126.99773594038506,37.57502516803858
D,발달상권,3120064,경희대학교(경희대),204632,454773,11230,동대문구,11230710,회기동,48567,127.0524478846258,37.592510827212735
D,발달상권,3120065,회기역,205089,454430,11230,동대문구,11230720,휘경1동,127203,127.05762008594603,37.5894180127353
D,발달상권,3120116,송정역,183179,451334,11500,강서구,11500620,공항동,61122,126.80961608028845,37.56138378509555
D,발달상권,3120176,논현역 4번,201666,445438,11650,서초구,11650560,반포1동,130507,127.01884284504102,37.50841277570839
D,발달상권,3120177,신논현역 1번,201758,445107,11650,서초구,11650560,반포1동,140535,127.01988259526811,37.50543027854698
D,발달상권,3120009,종로3가역,199178,452457,11110,종로구,11110615,종로1?2?3?4가동,401520,126.99069513429947,37.57165510209864
D,발달상권,3120165,서래마을카페거리(서래마을),199830,444291,11650,서초구,11650581,반포4동,108614,126.99807752566676,37.498079728383495
D,발달상권,3120166,방배역,199758,442469,11650,서초구,11650600,방배1동,193617,126.99726390009168,37.48166335251674
D,발달상권,3120167,고속터미널(고속터미널역),200465,445065,11650,서초구,11650581,반포4동,320815,127.00525902182616,37.50505341252054
D,발달상권,3120168,서울고교교차로,200389,442559,11650,서초구,11650530,서초3동,49689,127.00439815853709,37.482474210317946
D,발달상권,3120013,이화사거리,200140,452821,11110,종로구,11110630,종로5?6가동,134283,127.00158483982133,37.57493507964541
D,발달상권,3120066,장한평역(장한평),205699,451402,11230,동대문구,11230650,장안1동,450074,127.06450325618981,37.56213234191365
D,발달상권,3120067,장안동사거리,206315,452490,11230,동대문구,11230660,장안2동,219588,127.07148472007246,37.571931154399905
D,발달상권,3120068,사가정역,207784,453510,11260,중랑구,11260575,면목3?8동,35712,127.08812436220789,37.58111004634755
D,발달상권,3120069,상봉역,207750,455204,11260,중랑구,11260590,상봉2동,205828,127.08775735921145,37.596373128943156
D,발달상권,3120070,한성대입구역,200722,454401,11290,성북구,11290555,삼선동,80065,127.00817480174283,37.5891705056814
D,발달상권,3120120,화곡역,185754,449079,11500,강서구,11500540,화곡1동,136057,126.83880416630873,37.54110975325988
D,발달상권,3120121,까치산역,186514,447863,11500,강서구,11500540,화곡1동,104596,126.84742598554176,37.530165049640445
D,발달상권,3120122,강서구청,186817,450350,11500,강서구,11500591,화곡6동,224516,126.85080932634085,37.55257721737214
D,발달상권,3120169,서초역,200760,443557,11650,서초구,11650530,서초3동,242820,127.0085938332724,37.49146604063206
D,발달상권,3120170,삼호가든사거리,200968,444742,11650,서초구,11650581,반포4동,100858,127.01094738816995,37.502142774318706
D,발달상권,3120171,서초3동사거리,201041,442583,11650,서초구,11650530,서초3동,235083,127.01176991309515,37.48268994804575
D,발달상권,3120014,종로5가역,200205,452485,11110,종로구,11110630,종로5?6가동,136026,127.00232056437183,37.571907724627984
D,발달상권,3120015,종로6가,200621,452507,11110,종로구,11110630,종로5?6가동,53940,127.00702963068177,37.57210575706799
D,발달상권,3120016,동대문역,201005,452410,11110,종로구,11110670,창신1동,58788,127.01137632245057,37.571231452916095
D,발달상권,3120071,성북구청,201404,454424,11290,성북구,11290555,삼선동,50039,127.01589674974976,37.589376946564364
D,발달상권,3120072,성신여대,201545,454756,11290,성북구,11290575,동선동,197286,127.01749391828598,37.59236801480705
D,발달상권,3120073,미아사거리,202573,456478,11290,성북구,11290685,길음2동,90503,127.02913993403489,37.60788077539443
D,발달상권,3120074,안암역,202609,454032,11290,성북구,11290600,안암동,27617,127.02953893066687,37.58584242955645
D,발달상권,3120075,월곡역,203715,455955,11290,성북구,11290725,월곡2동,94516,127.04207074206094,37.60316469689532
D,발달상권,3120076,수유역,202206,459794,11305,강북구,11305635,수유3동,297339,127.0249935589031,37.63775846565519
D,발달상권,3120077,미아역,202289,458452,11305,강북구,11305535,미아동,93348,127.02592973155743,37.625667032174505
D,발달상권,3120123,오류동역,186274,443987,11530,구로구,11530770,오류1동,209639,126.84478309040126,37.495238716981696
D,발달상권,3120117,강서농산물도매시장,184207,450391,11500,강서구,11500611,발산1동,402585,126.82127145971705,37.552905609780034
D,발달상권,3120118,마곡역(마곡),184704,451174,11500,강서구,11500603,가양1동,232166,126.82687963835888,37.559968767639305
D,발달상권,3120119,발산역(마곡),185482,451168,11500,강서구,11500603,가양1동,417076,126.83568513889625,37.559927290899275
D,발달상권,3120184,포이사거리(삼호물산),203986,441948,11650,서초구,11650652,양재2동,351949,127.04506367970757,37.47696053249972
D,발달상권,3120185,논현역,201936,445730,11680,강남구,11680521,논현1동,321182,127.02189737579353,37.51104318245634
D,발달상권,3120186,가로수길,201996,446810,11680,강남구,11680510,신사동,256688,127.0225789449648,37.52077389382864
D,발달상권,3120011,종로4가,199787,452401,11110,종로구,11110615,종로1?2?3?4가동,115988,126.9975889014172,37.571150886858554
D,발달상권,3120012,대학로(혜화역),200117,453688,11110,종로구,11110650,혜화동,256888,127.00132461165737,37.5827467014045
D,발달상권,3120182,"양재시민의숲역(양재동꽃시장, aT센터)",203571,441107,11650,서초구,11650652,양재2동,301253,127.04036782735055,37.469384734597455
D,발달상권,3120183,양재천카페거리,203846,442351,11650,서초구,11650651,양재1동,119809,127.04348301557079,37.48059219225856
D,발달상권,3120017,동묘앞역(동묘),201294,452578,11110,종로구,11110670,창신1동,71198,127.01464801900576,37.572744764086856
D,발달상권,3120018,중림동,197143,451108,11140,중구,11140680,중림동,144683,126.96766462208775,37.55949660361493
D,발달상권,3120019,경찰청앞교차로,197338,451460,11140,중구,11140520,소공동,90827,126.96987034457037,37.56266869565678
D,발달상권,3120020,시청역_1번,197752,451623,11140,중구,11140520,소공동,58426,126.97455567383845,37.564138422507476
D,발달상권,3120021,시청역_8번,197724,451359,11140,중구,11140520,소공동,132689,126.97423957068088,37.561759723268
D,발달상권,3120078,미아사거리역,202731,457002,11305,강북구,11305545,송중동,94178,127.03093128253391,37.61260150303619
D,발달상권,3120079,창동역,204208,461419,11320,도봉구,11320515,창5동,96097,127.04768518990885,37.65239246410829
D,발달상권,3120178,신사역,201729,446276,11650,서초구,11650540,잠원동,353066,127.01955735958383,37.515963075171285
D,발달상권,3120179,양재역,203010,442784,11650,서초구,11680655,도곡1동,348405,127.03403294046717,37.484496660060245
D,발달상권,3120180,양재화물트럭터미널앞,203255,440496,11650,서초구,11650652,양재2동,184060,127.03679295600678,37.463880723466325
D,발달상권,3120022,북창동(시청역_6번),198025,451499,11140,중구,11140520,소공동,108517,126.97764599900339,37.56302181255746
D,발달상권,3120023,서울시청,198049,452055,11140,중구,11140550,명동,88816,126.97791616374444,37.56803140163849
D,발달상권,3120080,마들역,205070,462922,11350,노원구,11350710,상계9동,38976,127.05746383368468,37.665929860375286
D,발달상권,3120126,디지털단지오거리,190133,442413,11530,구로구,11530595,가리봉동,51996,126.88844259150426,37.48110615433255
D,발달상권,3120127,구로구청,190351,444133,11530,구로구,11530560,구로5동,84927,126.89088478047054,37.49660576225669
D,발달상권,3120124,개봉동 현대아파트,187258,443281,11530,구로구,11530760,개봉3동,150870,126.85592258479969,37.4888917210359
D,발달상권,3120125,구로역,189215,444765,11530,구로구,11530530,구로2동,657519,126.87802914643336,37.50228754471039
D,발달상권,3120181,교육개발원입구사거리,203394,441974,11650,서초구,11650651,양재1동,120183,127.038370951405,37.47719715795056
D,발달상권,3120172,교대입구교차로,201112,443144,11650,서초구,11650530,서초3동,222734,127.01257351118738,37.48774452227515
D,발달상권,3120173,교대역(법원.검찰청),201307,443806,11650,서초구,11650510,서초1동,396531,127.0147795736092,37.49370893679033
D,발달상권,3120174,논현역 5번,201472,445681,11650,서초구,11650540,잠원동,70278,127.01664914657664,37.510602546601746
D,발달상권,3120024,회현역,198144,450868,11140,중구,11140540,회현동,106867,126.97899449435097,37.55733676970219
D,발달상권,3120025,롯데백화점(시청광장 지하쇼핑센터),198298,451719,11140,중구,11140520,소공동,75261,126.98073543386651,37.56500454898951
D,발달상권,3120084,공릉역,206501,458455,11350,노원구,11350595,공릉1동,81040,127.07364315857275,37.62567393004453
D,발달상권,3120085,은행사거리,206780,461180,11350,노원구,11350619,중계본동,61587,127.0768289378521,37.65022373485967
D,발달상권,3120086,태릉입구역,206799,457730,11350,노원구,11350595,공릉1동,72480,127.077012153305,37.61913962220151
D,발달상권,3120087,응암역,192572,455461,11380,은평구,11380580,응암1동,58470,126.91588620727673,37.59869132855268
D,발달상권,3120133,서울시흥동우체국(홈플러스시흥점),191269,439239,11545,금천구,11545670,시흥1동,56376,126.90132391118351,37.45251953006894
D,발달상권,3120134,구로전화국,191634,442281,11545,금천구,11545630,독산3동,169662,126.9054145419079,37.47993162827735
D,발달상권,3120135,양평역,190179,447330,11560,영등포구,11560610,양평1동,36584,126.88889704279723,37.52540900747815
D,발달상권,3120026,을지로입구역,198533,451986,11140,중구,11140550,명동,200306,126.98339481342215,37.56741061226832
D,발달상권,3120027,명동역(명동재미로),198568,451138,11140,중구,11140550,명동,157156,126.98379263879171,37.55977021816383
D,발달상권,3120028,명동(명동거리),198560,451473,11140,중구,11140550,명동,221515,126.98370143738255,37.56278854470051
D,발달상권,3120088,구산역,192675,456931,11380,은평구,11380552,갈현2동,59372,126.91703785789751,37.61193669331818
D,발달상권,3120089,구파발역,192798,459742,11380,은평구,11380690,진관동,130434,126.91840326151333,37.63726438501466
D,발달상권,3120090,연신내역,193120,457722,11380,은평구,11380520,불광1동,134415,126.92207043712689,37.619066940896616
D,발달상권,3120136,영등포구청역,190525,447328,11560,영등포구,11560550,당산1동,208631,126.89281128917447,37.5253946047632
D,발달상권,3120081,노원역,205487,461761,11350,노원구,11350640,상계2동,267693,127.06218142111479,37.65546707370536
D,발달상권,3120082,상계백병원,205497,460926,11350,노원구,11350695,상계6?7동,38882,127.06228846200544,37.64794381105241
D,발달상권,3120083,등나무근린공원,205863,460036,11350,노원구,11350625,중계2?3동,125820,127.06642859452448,37.63992279532918
D,발달상권,3120128,신도림역,190308,445419,11530,구로구,11530560,구로5동,251389,126.89038157947542,37.50819222492761
D,발달상권,3120129,구로디지털단지,190727,442738,11530,구로구,11530540,구로3동,460289,126.89515431983698,37.48404057803035
D,발달상권,3120130,구로디지털단지역,191249,442646,11530,구로구,11530540,구로3동,168688,126.9010574261167,37.48321674132804
D,발달상권,3120131,가산디지털단지,189641,441969,11545,금천구,11545510,가산동,1713620,126.88288623812605,37.47710029831843
D,발달상권,3120132,독산동,190614,441262,11545,금천구,11545610,독산1동,530021,126.89389548521771,37.470740558781436
D,발달상권,3120030,중부경찰서(영화인의거리),199144,451473,11140,중구,11140550,명동,137954,126.9903114098835,37.5627892721598
D,발달상권,3120091,본서부병원,193119,455668,11380,은평구,11380580,응암1동,113175,126.92207842001997,37.600560629824955
D,발달상권,3120092,불광역,193770,456561,11380,은평구,11380570,대조동,61492,126.92944284713957,37.60861110244884
D,발달상권,3120093,연희동,193815,451927,11410,서대문구,11410615,연희동,111829,126.92999160464343,37.56685943536896
D,발달상권,3120094,"신촌역(신촌역, 신촌로터리)",194382,450780,11410,서대문구,11410585,신촌동,343829,126.93641829163414,37.55652864102824
D,발달상권,3120140,문래동주민센터,190952,446141,11560,영등포구,11560605,문래동,101046,126.89765645285537,37.51470400084326
D,발달상권,3120141,영등포청과시장교차로,190996,446852,11560,영등포구,11560550,당산1동,80055,126.89814543719618,37.52111055496124
D,발달상권,3120142,대림역,190958,443850,11560,영등포구,11560720,대림3동,142571,126.89775247469098,37.494062057605184
D,발달상권,3120143,당산역,191262,448366,11560,영등포구,11560560,당산2동,155541,126.90113646243866,37.53475425924634
D,발달상권,3120031,을지로3가역,199259,451855,11140,중구,11140605,을지로동,254774,126.99161264533976,37.56623117746982
D,발달상권,3120032,충무로역,199553,451319,11140,중구,11140570,필동,236516,126.99494074826379,37.56140202648682
D,발달상권,3120096,"이화여대(이대역, 이대)",194941,450990,11410,서대문구,11410585,신촌동,151417,126.94274332269038,37.558423971816815
D,발달상권,3120144,영중로,191608,447515,11560,영등포구,11560535,영등포동,92713,126.9050608920636,37.527089960245775
D,발달상권,3120145,영등포역(영등포),191662,446554,11560,영등포구,11560535,영등포동,404780,126.90568269638135,37.51843182609498
D,발달상권,3120146,한강성심병원,192123,447061,11560,영등포구,11560535,영등포동,140562,126.91089197114088,37.5230039545715
D,발달상권,3120147,보라매역,193019,444434,11590,동작구,11590660,대방동,93027,126.92105283479724,37.49934180334875
D,발달상권,3120033,을지로4가역,199709,451926,11140,중구,11140605,을지로동,85528,126.99670615237726,37.56687113657297
D,발달상권,3120095,홍제역,195120,454298,11410,서대문구,11410620,홍제1동,100614,126.94474718990185,37.58822983459291
D,발달상권,3120137,문래역(문래로데오거리),190815,446495,11560,영등포구,11560605,문래동,43658,126.89610240182596,37.51789219558914
D,발달상권,3120138,당산2동(영등포우체국),190924,447794,11560,영등포구,11560560,당산2동,94477,126.89731933174514,37.529597277291366
D,발달상권,3120139,대림3동사거리,190957,444527,11560,영등포구,11560720,대림3동,191427,126.89773284883364,37.50016185253768
D,발달상권,3120029,을지로2가,198759,451740,11140,중구,11140550,명동,56876,126.98595335644623,37.565194494301046
D,발달상권,3120149,여의도역(여의도),193481,447024,11560,영등포구,11560540,여의동,598658,126.92625456940182,37.5226811750762
D,발달상권,3120150,63빌딩,194670,446691,11560,영등포구,11560540,여의동,40709,126.93970740059652,37.5196884695514
D,발달상권,3120151,보라매공원,193370,443533,11590,동작구,11590680,신대방2동,119689,126.92503035748912,37.49122632464743
D,발달상권,3120152,신대방삼거리역,193572,444444,11590,동작구,11590660,대방동,112198,126.92730654329986,37.49943591770157
D,발달상권,3120153,노량진역(노량진),194719,446060,11590,동작구,11590510,노량진1동,443826,126.94026621686946,37.51400342189709
D,발달상권,3120036,장충동족발거리(남소영길),200486,451165,11140,중구,11140580,장충동,88202,127.00550056095275,37.56001447161879
D,발달상권,3120037,동대문역사문화공원역,200652,451769,11140,중구,11140590,광희동,370638,127.00737989015032,37.56545638813874
D,발달상권,3120038,약수역,200886,450529,11140,중구,11140625,다산동,136837,127.0100270036947,37.554283830627085
D,발달상권,3120039,신당역,201389,451766,11140,중구,11140615,신당동,198976,127.01572187665211,37.56542854209491
D,발달상권,3120040,용산전자상가(용산역),196602,448198,11170,용산구,11170625,한강로동,365025,126.96155508063566,37.53327570203355
D,발달상권,3120041,신용산역(용산역),196759,447723,11170,용산구,11170625,한강로동,1031423,126.96333347099194,37.52899651132542
D,발달상권,3120208,청담사거리(청담동명품거리),204217,447261,11680,강남구,11680565,청담동,331337,127.04770569306329,37.524829939190084
D,발달상권,3120209,"강남구청(청담역_8번, 강남세무서)",204377,446586,11680,강남구,11680565,청담동,134148,127.04951170686684,37.51874742762321
D,발달상권,3120210,선릉역,204364,445017,11680,강남구,11680630,대치4동,360434,127.04935534409961,37.50461073634166
D,발달상권,3120211,도성초등학교,204639,444576,11680,강남구,11680630,대치4동,72437,127.05246271839206,37.50063596235816
D,발달상권,3120212,한티역,204740,444220,11680,강남구,11680630,대치4동,112734,127.05360263990124,37.49742786864853
D,발달상권,3120213,삼성중앙역,204752,445788,11680,강남구,11680590,삼성2동,228925,127.05374846991917,37.51155556604917
D,발달상권,3120214,영동대교남단교차로,204844,447175,11680,강남구,11680565,청담동,89136,127.05479819195304,37.52405199944059
D,발달상권,3120215,포스코사거리,204975,445263,11680,강남구,11680590,삼성2동,318626,127.05626720528876,37.50682411890163
D,발달상권,3120216,경기고교사거리(경기고교앞사거리),205005,446809,11680,강남구,11680565,청담동,71695,127.05661702641068,37.52075347208421
D,발달상권,3120217,대치사거리,205165,444843,11680,강남구,11680630,대치4동,159411,127.05841315411669,37.503038855171134
D,발달상권,3120218,코엑스,205226,445856,11680,강남구,11680580,삼성1동,145396,127.05911022474436,37.51216568743434
D,발달상권,3120219,은마아파트,205359,444378,11680,강남구,11680630,대치4동,149660,127.06060379417535,37.49884807441995
D,발달상권,3120220,대치역,205508,443861,11680,강남구,11680600,대치1동,163253,127.06228493383824,37.494188996315316
D,발달상권,3120221,봉은사역,205516,446111,11680,강남구,11680580,삼성1동,124926,127.06239226670147,37.51446155948791
D,발달상권,3120222,삼성역,205584,445468,11680,강남구,11680610,대치2동,356337,127.06315654228577,37.508667696206736
D,발달상권,3120223,휘문고교사거리,205806,444988,11680,강남구,11680610,대치2동,133570,127.06566363237532,37.50434150525624
D,발달상권,3120224,수서역,209112,443153,11680,강남구,11680750,수서동,60183,127.10303046246761,37.487781357677065
D,발달상권,3120225,잠실새내역(신천),207301,445671,11710,송파구,11710650,잠실본동,238047,127.0825782728224,37.51048475437836
D,발달상권,3120226,석촌고분역,208581,444877,11710,송파구,11710600,석촌동,129121,127.09704648858848,37.5033197760243
D,발달상권,3120227,잠실역,208953,446061,11710,송파구,11710710,잠실6동,526867,127.10126801274058,37.51398412500385
D,발달상권,3120228,석촌역(석촌호수),209420,445178,11710,송파구,11710580,송파1동,228150,127.1065389661683,37.50602362134798
D,발달상권,3120034,중구청(퇴계로4가),199832,451557,11140,중구,11140590,광희동,95213,126.99809848175721,37.56354649140835
D,발달상권,3120035,퇴계로5가,200172,451544,11140,중구,11140590,광희동,48951,127.00194678943873,37.563429361136585
D,발달상권,3120097,충정로역,196738,451218,11410,서대문구,11410565,충현동,59549,126.9630803648694,37.56048635571711
D,발달상권,3120098,DMC(디지털미디어시티),190266,453378,11440,마포구,11440740,상암동,347758,126.8898010489625,37.57990219166072
D,발달상권,3120099,월드컵경기장역(월드컵경기장),190957,452186,11440,마포구,11440730,성산2동,269851,126.89763857339757,37.569169395334846
D,발달상권,3120148,국회의사당역(국회의사당),192994,447676,11560,영등포구,11560540,여의동,353915,126.92073922815948,37.528552135513465
D,발달상권,3120232,송파나루역,209906,445634,11710,송파구,11710580,송파1동,60912,127.11204169365998,37.51012711047405
D,발달상권,3120233,몽촌토성역,210030,446282,11710,송파구,11710562,방이2동,115003,127.11345302908573,37.51596426713219
D,발달상권,3120234,가락시장역,210499,443922,11710,송파구,11710620,가락본동,165196,127.11872437303792,37.494695372813744
D,발달상권,3120235,문정역,210608,442903,11710,송파구,11710642,문정2동,333436,127.11994227871679,37.48551288001509
D,발달상권,3120236,장지역(가든파이브),210906,442074,11710,송파구,11710642,문정2동,211338,127.12329941653981,37.47804006486017
D,발달상권,3120237,경찰병원역,210683,444197,11710,송파구,11710620,가락본동,198351,127.12080906154488,37.49717102650773
D,발달상권,3120238,방이역,211087,445537,11710,송파구,11710561,방이1동,45610,127.1253978901468,37.509239712678266
D,발달상권,3120239,오금역,211154,444709,11710,송파구,11710620,가락본동,151650,127.12614312912417,37.50177860016498
D,발달상권,3120240,개롱역,211903,444074,11710,송파구,11710632,가락2동,107416,127.13460345002983,37.49604787721762
D,발달상권,3120241,거여역,212871,443719,11710,송파구,11710532,거여2동,94954,127.1455437075945,37.49283633341059
D,발달상권,3120242,강동구청역,210844,447756,11740,강동구,11740640,성내1동,205710,127.12268220880003,37.52923581309821
D,발달상권,3120246,길동역,212223,448561,11740,강동구,11740685,길동,242674,127.13829670196402,37.536471614031555
D,발달상권,3120247,굽은다리역,212606,449599,11740,강동구,11740600,천호1동,94552,127.14264794652553,37.54581880892867
D,발달상권,3120248,명일역,212758,450202,11740,강동구,11740530,명일1동,143099,127.1443784336575,37.55124972345866
D,발달상권,3120249,고덕역,213696,450444,11740,강동구,11740540,명일2동,92407,127.15499797751727,37.553416674247536
D,발달상권,3120187,신논현역,202235,445062,11680,강남구,11680521,논현1동,382392,127.02527722374786,37.50502379497898
D,발달상권,3120188,압구정역,202482,447331,11680,강남구,11680510,신사동,251746,127.02807838256531,37.52546693782541
D,발달상권,3120189,강남역,202454,444235,11650,서초구,11650520,서초2동,617547,127.02775129423334,37.497571920870165
D,발달상권,3120243,천호역,210998,448898,11740,강동구,11740610,천호2동,215270,127.12444156010653,37.53952339599033
D,발달상권,3120244,암사역,211298,450214,11740,강동구,11740580,암사2동,80605,127.12785627932669,37.55137688969368
D,발달상권,3120245,둔촌역,211926,447436,11740,강동구,11740660,성내3동,165420,127.13491805500612,37.526339264817906
D,발달상권,3120229,방이동먹자골목,209657,446106,11710,송파구,11710562,방이2동,146694,127.10923158441152,37.51438248056646
D,발달상권,3120230,송파사거리(송파역),209754,444634,11710,송파구,11710600,석촌동,102341,127.11030924458171,37.50111869275051
D,발달상권,3120231,가락시장,209881,443794,11710,송파구,11710631,가락1동,615953,127.11173422450942,37.49354890241443
D,발달상권,3120199,경복아파트교차로,203449,445392,11680,강남구,11680640,역삼1동,112742,127.03900876827589,37.50799337531318
D,발달상권,3120200,학동사거리,203460,447067,11680,강남구,11680565,청담동,266597,127.03914106133051,37.523085143438166
D,발달상권,3120201,도곡1동,203531,443680,11680,강남구,11680640,역삼1동,169293,127.03992798739,37.49256784501679
D,발달상권,3120202,압구정로데오역(압구정로데오),203548,447476,11680,강남구,11680545,압구정동,265702,127.04013853060529,37.526769907891094
D,발달상권,3120203,강남구청역,203597,446308,11680,강남구,11680531,논현2동,173252,127.04068715258765,37.51624600772093
D,발달상권,3120204,르네상스호텔사거리,203786,444848,11680,강남구,11680640,역삼1동,160960,127.04281749442562,37.50309058777553
D,발달상권,3120205,매봉역,203882,442769,11680,강남구,11680656,도곡2동,122443,127.04389223582503,37.48435825746537
D,발달상권,3120206,개나리아파트,203905,444200,11680,강남구,11680650,역삼2동,148412,127.04415987749276,37.49725157451181
D,발달상권,3120207,선정릉역,204022,445778,11680,강남구,11680590,삼성2동,323475,127.04549160322158,37.511468934172726
D,발달상권,3120190,강남을지병원,202498,446725,11680,강남구,11680545,압구정동,295195,127.02825732811267,37.520006819268275
D,발달상권,3120191,학동역,202659,446009,11680,강남구,11680521,논현1동,366287,127.03007596762794,37.51355518491261
D,발달상권,3120192,뱅뱅사거리,202785,443423,11680,강남구,11680640,역삼1동,317600,127.03149136697971,37.4902548060724
D,발달상권,3120193,도산공원교차로,202968,446898,11680,강남구,11680545,압구정동,185023,127.03357465676805,37.521564162466845
D,발달상권,3120194,언주역(차병원),203009,445326,11680,강남구,11680531,논현2동,242446,127.03403202540474,37.507400250733085
D,발달상권,3120195,성수대교남단,203046,447576,11680,강남구,11680545,압구정동,126830,127.03445981915029,37.527672703247156
D,발달상권,3120196,서울세관,203125,446206,11680,강남구,11680531,논현2동,185480,127.03534773317885,37.515328702568155
D,발달상권,3120197,역삼역,203179,444549,11680,강남구,11680640,역삼1동,562807,127.03595138126002,37.500398869563554
D,발달상권,3120198,구역삼세무서,203290,444009,11680,강남구,11680640,역삼1동,291470,127.03720426859347,37.49553304713569
R,전통시장,3130293,봉천중앙시장,195973,442762,11620,관악구,11620615,중앙동,17101,126.95446834536885,37.484294566462
R,전통시장,3130294,관악중부시장,196125,442778,11620,관악구,11620575,행운동,27900,126.95618686302697,37.48443937758363
R,전통시장,3130295,인헌시장(원당종합시장),196979,441661,11620,관악구,11620625,인헌동,42171,126.96584729199395,37.47437829187288
R,전통시장,3130296,남부종합시장,198664,443924,11650,서초구,11650590,방배본동,6658,126.98489227985215,37.49477208354063
R,전통시장,3130301,양재시장,203426,442741,11650,서초구,11650651,양재1동,8409,127.03873629540766,37.4841077780028
R,전통시장,3130302,강남시장(강남구 강남시장),201828,446589,11680,강남구,11680510,신사동,3961,127.02067796334785,37.51878302511837
R,전통시장,3130303,영동전통시장,202138,445525,11680,강남구,11680521,논현1동,39097,127.02418152660437,37.50919567758982
R,전통시장,3130304,신사상가,202510,448092,11680,강남구,11680545,압구정동,2739,127.02839774032894,37.53232348423996
R,전통시장,3130305,논현종합시장,203038,445603,11680,강남구,11680531,논현2동,6787,127.03436116161208,37.50989593863793
R,전통시장,3130306,강남언주로,203794,445045,11680,강남구,11680640,역삼1동,22922,127.04290898565141,37.504865535317485
R,전통시장,3130307,도곡시장,204573,444284,11680,강남구,11680650,역삼2동,7462,127.05171450644163,37.49800535436077
R,전통시장,3130308,청담삼익시장,205090,446987,11680,강남구,11680565,청담동,7529,127.05757978634368,37.522356791479325
R,전통시장,3130314,풍납시장,210613,448663,11710,송파구,11710510,풍납1동,120813,127.12008192689979,37.53741056029039
R,전통시장,3130315,문정동 로데오거리 상점가(문정동 로데오거리),210897,443396,11710,송파구,11710620,가락본동,75829,127.12321722571214,37.48995147671527
R,전통시장,3130316,마천시장,213305,444320,11710,송파구,11710550,마천2동,9557,127.15046217507246,37.49824521772415
R,전통시장,3130317,마천중앙시장,213364,444298,11710,송파구,11710550,마천2동,33745,127.1511289864303,37.49804614532687
R,전통시장,3130318,로데오거리상점가,211228,448860,11740,강동구,11740610,천호2동,56564,127.12704340647122,37.539178245707355
R,전통시장,3130319,성내전통시장,211269,448247,11740,강동구,11740650,성내2동,31651,127.12749791159769,37.53365462601447
R,전통시장,3130320,암사종합시장,211408,450161,11740,강동구,11740570,암사1동,37201,127.12910029175102,37.55089800730779
R,전통시장,3130321,장신구 특화거리 상점가,211418,447594,11740,강동구,11740640,성내1동,38487,127.12917355272526,37.527769269644594
R,전통시장,3130322,고분다리전통시장,211771,449208,11740,강동구,11740620,천호3동,20499,127.13319294571787,37.542306947230635
R,전통시장,3130323,둔촌역전통시장,211868,447599,11740,강동구,11740660,성내3동,36613,127.13426453864876,37.527808641751314
R,전통시장,3130215,대원종합시장,185545,449460,11500,강서구,11500560,화곡3동,3092,126.83643180620233,37.544539295785974
R,전통시장,3130309,은마종합상점가,205628,444032,11680,강남구,11680610,대치2동,30661,127.06364321072647,37.49572899394518
R,전통시장,3130310,강남개포시장,205978,443274,11680,강남구,11680670,개포2동,25364,127.06759496436574,37.48889716485464
R,전통시장,3130311,새마을시장,207534,445500,11710,송파구,11710650,잠실본동,79375,127.08521187520329,37.50894216638436
R,전통시장,3130312,석촌시장,209466,444551,11710,송파구,11710600,석촌동,46711,127.10705115305089,37.50037385552647
R,전통시장,3130313,방이시장,210214,445738,11710,송파구,11710562,방이2동,143645,127.11552676175948,37.51106079756516
R,전통시장,3130324,길동복조리시장,212690,448844,11740,강동구,11740685,길동,29464,127.14358543114432,37.53901513097588
R,전통시장,3130325,명일전통시장,212839,449976,11740,강동구,11740530,명일1동,27547,127.14529113086861,37.54921234914935
R,전통시장,3130326,고덕 골목형상점가,215010,450928,11740,강동구,11740560,고덕2동,29082,127.1698783903421,37.557757026392
R,전통시장,3130327,"평화시장(남평화시장, 제일평화시장, 신평화패션타운)",200994,452152,11140,중구,11140615,신당동,36213,127.0112514558032,37.56890689674102
R,전통시장,3130289,봉일시장,194553,442944,11620,관악구,11620605,은천동,4844,126.93841164295765,37.48592712264513
R,전통시장,3130290,영림시장,194966,442472,11620,관악구,11620595,청룡동,72197,126.94308459174644,37.48167670609929
R,전통시장,3130291,봉천제일종합시장,195085,442420,11620,관악구,11620595,청룡동,3079,126.94443037587531,37.48120882210982
R,전통시장,3130292,봉천현대시장,195277,443011,11620,관악구,11620605,은천동,5418,126.94659736185348,37.48653478158153
R,전통시장,3130131,동북프라자,201694,457845,11305,강북구,11305534,삼양동,8454,127.01918818191713,37.620199328102196
R,전통시장,3130132,삼양골목시장(삼양시장),201680,458392,11305,강북구,11305534,삼양동,47564,127.01903085822748,37.625127754363305
R,전통시장,3130133,우이골목시장(우이시장),201751,460755,11305,강북구,11305625,수유2동,54278,127.0198407987359,37.64641790449734
R,전통시장,3130134,"솔샘시장(미아6,7동골목시장)",201740,457759,11305,강북구,11305575,삼각산동,21168,127.0197090259674,37.619424392767016
R,전통시장,3130223,고척근린시장,186721,444751,11530,구로구,11530730,고척2동,29145,126.84982407297842,37.50212891474886
R,전통시장,3130224,개봉프라자(고척근린시장),186837,444739,11530,구로구,11530730,고척2동,2954,126.85113616002786,37.50202245488335
R,전통시장,3130225,개봉중앙시장,187149,443562,11530,구로구,11530750,개봉2동,79713,126.85468518986029,37.49142203486424
R,전통시장,3130226,고척프라자,187873,444929,11530,구로구,11530720,고척1동,6013,126.86284939392691,37.50374854430546
R,전통시장,3130227,고척골목시장상점가(그라운드 고척),187952,444881,11530,구로구,11530720,고척1동,17693,126.86374363001968,37.503317096793424
R,전통시장,3130228,구로시장,189872,443283,11530,구로구,11530550,구로4동,13770,126.8854797371537,37.4889420888459
R,전통시장,3130053,백학시장,201732,451624,11140,중구,11140650,신당5동,42212,127.01960390526173,37.564148546707614
R,전통시장,3130054,황학동주방가구거리상점가,201822,452134,11140,중구,11140670,황학동,72884,127.02062385070205,37.56874345227643
R,전통시장,3130055,"황학시장(서울중앙시장, 신중앙시장)",201889,451973,11140,중구,11140670,황학동,39709,127.02138183226494,37.567292714343196
R,전통시장,3130056,용산용문시장,196483,448549,11170,용산구,11170590,용문동,40246,126.96020703642986,37.53643776809258
R,전통시장,3130057,만리시장,196790,450199,11170,용산구,11170555,청파동,6775,126.96367336291168,37.55130537483099
R,전통시장,3130135,수유중앙골목시장(수유중앙시장),201872,460117,11305,강북구,11305635,수유3동,30758,127.02121023022544,37.64066938738548
R,전통시장,3130136,수유재래시장,201913,459134,11305,강북구,11305615,수유1동,10960,127.02167219794877,37.631812618285814
R,전통시장,3130137,"수유전통시장(수유시장, 수유골목시장)",201998,459062,11305,강북구,11305615,수유1동,37023,127.02263495817301,37.631163727607486
R,전통시장,3130138,수유프라자,202081,459124,11305,강북구,11305615,수유1동,2065,127.02357542562035,37.63172215476082
R,전통시장,3130139,강북종합전통시장(강북종합골목시장),202329,460268,11305,강북구,11305635,수유3동,74901,127.02638863579223,37.64202882933862
R,전통시장,3130229,남구로시장,189966,443409,11530,구로구,11530550,구로4동,45490,126.88654090369849,37.4900783818487
R,전통시장,3130230,가리봉시장,190201,442473,11530,구로구,11530595,가리봉동,20139,126.88921060762578,37.48164748209712
R,전통시장,3130231,독산동 우시장,190847,440814,11545,금천구,11545610,독산1동,63392,126.89653500499368,37.46670637228808
R,전통시장,3130280,신림종합시장,192702,442782,11620,관악구,11620685,신사동,8761,126.91748430496827,37.48445472701863
R,전통시장,3130232,독산동 맛나는거리상점가(독산동 맛나는거리),191176,441096,11545,금천구,11545640,독산4동,29410,126.90025062119813,37.46925041721309
R,전통시장,3130058,이촌종합시장,197769,446792,11170,용산구,11170630,이촌1동,7486,126.97476276716449,37.52061117520384
R,전통시장,3130059,후암시장,197903,450066,11170,용산구,11170510,후암동,33290,126.97626923912605,37.55011025033981
R,전통시장,3130060,신흥시장,198682,449528,11170,용산구,11170520,용산2가동,3810,126.9850857805084,37.54526431941475
R,전통시장,3130061,이태원시장,199066,448264,11170,용산구,11170650,이태원1동,10573,126.98943265355702,37.533876147539985
R,전통시장,3130062,보광시장,200001,447575,11170,용산구,11170700,보광동,10506,127.00001131313785,37.52766872054555
R,전통시장,3130063,신금호역 골목형상점가,201778,450475,11200,성동구,11200615,금호2?3가동,15024,127.02012177910736,37.55379600299772
R,전통시장,3130064,금남시장,201970,449892,11200,성동구,11200615,금호2?3가동,11274,127.02229309489861,37.54854279302089
R,전통시장,3130065,무학봉상점가,202706,451363,11200,성동구,11200520,왕십리2동,69338,127.0306273084275,37.56179460093203
R,전통시장,3130216,화곡중앙시장,185783,448352,11500,강서구,11500540,화곡1동,34409,126.83914637585305,37.534559954145735
R,전통시장,3130217,화곡본동시장,186203,449328,11500,강서구,11500590,화곡본동,21265,126.84387997962435,37.543360059919365
R,전통시장,3130218,신월중앙시장,186245,451048,11500,강서구,11500535,등촌3동,6449,126.84432299958704,37.55885780085851
R,전통시장,3130219,까치산시장,186491,448139,11500,강서구,11500593,화곡8동,39544,126.84716070133189,37.532651467965756
R,전통시장,3130220,등마루시장,187585,450820,11500,강서구,11500520,등촌1동,14496,126.85949272936686,37.55682255589751
R,전통시장,3130221,"남부골목시장(남부화곡시장, 남부시장)",187694,448184,11500,강서구,11500570,화곡4동,81027,126.86077051500729,37.53307374754431
R,전통시장,3130222,오류시장,186135,444133,11530,구로구,11530770,오류1동,20163,126.84320850019292,37.4965521062622
R,전통시장,3130049,신당 미래유산 먹거리 골목형상점가,201309,451478,11140,중구,11140615,신당동,10196,127.01481585512614,37.56283378990038
R,전통시장,3130050,청평화시장,201330,452194,11140,중구,11140615,신당동,14440,127.01505484086675,37.56928489112657
R,전통시장,3130051,동화동 골목형상점가,201543,451430,11140,중구,11140665,동화동,60206,127.01746427209717,37.56240094950935
R,전통시장,3130052,서울중앙시장(신중앙시장),201683,451934,11140,중구,11140670,황학동,70002,127.01905000259286,37.566941725252974
R,전통시장,3130234,푸른터시장(기능상실),191277,442035,11545,금천구,11545630,독산3동,6342,126.90138124105947,37.47771184851392
R,전통시장,3130235,대명여울빛거리시장(대명시장),191342,439355,11545,금천구,11545670,시흥1동,51350,126.90214758052595,37.45356538993804
R,전통시장,3130236,비단길현대시장(현대시장),191404,439747,11545,금천구,11545670,시흥1동,71349,126.9028437327672,37.45709793372706
R,전통시장,3130237,박미시장(기능상실),191603,437869,11545,금천구,11545690,시흥3동,7798,126.9051143009567,37.440178742175625
R,전통시장,3130238,은행나무시장,192025,439150,11545,금천구,11545710,시흥5동,36517,126.90986903036932,37.451724454031016
R,전통시장,3130239,양남시장,190381,447047,11560,영등포구,11560610,양평1동,2975,126.89118592695121,37.52286130279134
R,전통시장,3130066,행당시장상점가,202943,451296,11200,성동구,11200560,행당1동,81008,127.0333094753789,37.56119020691093
R,전통시장,3130067,왕십리도선동상점가,203030,451634,11200,성동구,11200535,왕십리도선동,86695,127.03429555496496,37.564235292738104
R,전통시장,3130144,백운시장,201378,461769,11320,도봉구,11320660,쌍문1동,16119,127.01561620244361,37.655554507106885
R,전통시장,3130145,쌍문역둘리상점가,202849,460721,11320,도봉구,11320680,쌍문3동,32420,127.03228223922851,37.646108821626946
R,전통시장,3130146,쌍문시장(쌍문역골목시장),202853,460960,11320,도봉구,11320680,쌍문3동,108994,127.0323284968481,37.6482621596876
R,전통시장,3130147,쌍문역동측상점가,203089,460798,11320,도봉구,11320511,창1동,33857,127.0350020228868,37.64680180347365
R,전통시장,3130240,영등포유통상가,190643,447018,11560,영등포구,11560550,당산1동,47667,126.89415014284982,37.522602705909264
R,전통시장,3130241,선유도역 골목형상점가,190776,448469,11560,영등포구,11560620,양평2동,73950,126.89563647290072,37.53567755719719
R,전통시장,3130242,대림중앙 골목형상점가,191020,443257,11560,영등포구,11560710,대림2동,19474,126.89846080667903,37.488719696595915
R,전통시장,3130070,뚝섬역상점가,204339,449882,11200,성동구,11200660,성수1가2동,56166,127.04910132457829,37.548444588661376
R,전통시장,3130148,방학동도깨비시장,203111,462837,11320,도봉구,11320700,방학2동,42546,127.03525999517794,37.665172753982645
R,전통시장,3130149,창동신창시장,203283,460012,11320,도봉구,11320512,창2동,58415,127.03719674055571,37.6397193964298
R,전통시장,3130245,영일시장,191222,446445,11560,영등포구,11560605,문래동,60601,126.90070683793401,37.51744565457258
R,전통시장,3130246,영등포청과시장(조광시장),191260,446913,11560,영등포구,11560550,당산1동,96522,126.90113111439317,37.521662703518885
R,전통시장,3130243,도림시장,191026,445598,11560,영등포구,11560585,도림동,5598,126.89850010439058,37.50981227774155
R,전통시장,3130244,대림중앙시장,191108,443509,11560,영등포구,11560710,대림2동,47326,126.89945280078445,37.490991083426614
R,전통시장,3130068,마장축산물시장,203467,452337,11200,성동구,11200540,마장동,218303,127.0392451335414,37.570567751412995
R,전통시장,3130069,"한양대앞상점가(한양시장, 왕십리맛골목)",203578,451118,11200,성동구,11200550,사근동,23243,127.04049566562402,37.55958418644961
R,전통시장,3130140,숭인시장,202587,457096,11305,강북구,11305555,송천동,32450,127.02930067226455,37.613448848638036
R,전통시장,3130141,강북북부골목시장,202637,459570,11305,강북구,11305595,번1동,30294,127.0298758979746,37.635739123584685
R,전통시장,3130142,강북북부시장,202680,459624,11305,강북구,11305595,번1동,4209,127.03036326449622,37.63622553122472
R,전통시장,3130143,방천골목시장,202925,457018,11305,강북구,11305545,송중동,20242,127.03312858849051,37.612745064870296
R,전통시장,3130233,남문시장,191247,441612,11545,금천구,11545630,독산3동,48355,126.90104709862253,37.47390029908397
R,전통시장,3130151,신도봉시장,203672,463403,11320,도봉구,11320521,도봉1동,8485,127.04162120121192,37.670270229972296
R,전통시장,3130152,오!도봉거리 상점가,204052,463707,11320,도봉구,11320522,도봉2동,24434,127.04593009301792,37.673007609322525
R,전통시장,3130153,창동역상점가,204350,461477,11320,도봉구,11320514,창4동,33628,127.04929468332354,37.65291437249457
R,전통시장,3130154,상계주공1단지(가)상가,205249,460811,11350,노원구,11350695,상계6?7동,6758,127.05947746098052,37.6469091307803
R,전통시장,3130274,사당1동먹자골목상점가(사당1동먹자골목),198283,442093,11590,동작구,11590620,사당1동,40304,126.98058813497984,37.47827399506724
R,전통시장,3130275,강남골목시장,191590,442605,11620,관악구,11620725,조원동,14823,126.9049133821319,37.482850494037365
R,전통시장,3130276,신림중앙시장(조원동 펭귄시장),192184,442657,11620,관악구,11620725,조원동,7150,126.91162880976654,37.48332423205892
R,전통시장,3130277,조원동 펭귄시장(신림중앙시장),192141,442580,11620,관악구,11620725,조원동,32672,126.91114345468043,37.482630091537494
R,전통시장,3130278,미성동 도깨비시장 골목형상점가,192599,441665,11620,관악구,11620765,미성동,24874,126.91633094652599,37.47438964512814
R,전통시장,3130279,관악신사시장,192640,442964,11620,관악구,11620685,신사동,49986,126.91678147647731,37.48609406886688
R,전통시장,3130077,조양시장,205965,448824,11215,광진구,11215847,자양4동,5328,127.06749298622407,37.53890293610801
R,전통시장,3130078,화양제일골목시장,206085,449309,11215,광진구,11215710,화양동,18616,127.0688547838515,37.54327199835248
R,전통시장,3130079,한아름시장,206170,449309,11215,광진구,11215710,화양동,11040,127.0698166002319,37.543271433608204
R,전통시장,3130080,자양종합시장(기능상실),206753,448042,11215,광진구,11215830,자양2동,6160,127.07640188035896,37.531851684331734
R,전통시장,3130081,자양골목전통시장(자양골목시장),207041,448310,11215,광진구,11215820,자양1동,43688,127.0796628112492,37.534264211958636
R,전통시장,3130082,면곡골목시장,207179,452397,11215,광진구,11215760,중곡3동,7793,127.08126413340774,37.5710869023865
R,전통시장,3130083,"중곡제일시장(중곡제일골목시장, 광성시장)",207176,451590,11215,광진구,11215740,중곡1동,41751,127.08122227894687,37.56381589690654
R,전통시장,3130155,시영B상가(중계 그린아파트 B 상가),205667,460390,11350,노원구,11350625,중계2?3동,8516,127.06421063406837,37.64311350780402
R,전통시장,3130156,시영2단지 무지개종합상가(중계 무지개2단지아파트상가),205794,460391,11350,노원구,11350625,중계2?3동,15764,127.06564963011657,37.64312172568331
R,전통시장,3130157,상계중앙시장,206204,462218,11350,노원구,11350670,상계5동,52463,127.07031070024249,37.65957999556309
R,전통시장,3130158,상계역전종합상가,206452,462381,11350,노원구,11350670,상계5동,11940,127.07312275332669,37.66104688560765
R,전통시장,3130159,공릉동 도깨비시장,206706,458084,11350,노원구,11350595,공릉1동,57720,127.07596198989835,37.62232979846501
R,전통시장,3130160,수일시장,190733,453738,11380,은평구,11380650,수색동,11753,126.89508341223478,37.58315058044456
R,전통시장,3130161,증산종합시장,191631,453575,11380,은평구,11380640,증산동,8072,126.90525199100244,37.58169056142214
R,전통시장,3130162,증산골목시장,192205,454342,11380,은평구,11380640,증산동,7969,126.91174225478473,37.58860620736623
R,전통시장,3130255,영등포전통시장,191885,446846,11560,영등포구,11560535,영등포동,55174,126.90820198877576,37.52106473916393
R,전통시장,3130256,신동시장,191932,445186,11560,영등포구,11560650,신길3동,4593,126.90875186977345,37.50610850301707
R,전통시장,3130257,영등포시장기계공구상가,192049,446670,11560,영등포구,11560535,영등포동,39289,126.91005908096288,37.51948040312949
R,전통시장,3130258,영진시장A동,192568,444551,11560,영등포구,11560680,신길6동,6326,126.91595136136631,37.50039246083892
R,전통시장,3130259,대신시장,192707,445752,11560,영등포구,11560630,신길1동,8116,126.91751140828904,37.51121463046072
R,전통시장,3130260,신대방1동골목상권,191941,443427,11590,동작구,11590670,신대방1동,21868,126.90887291955043,37.4902598990672
R,전통시장,3130261,성대전통시장(성대시장),193904,444409,11590,동작구,11590550,상도3동,53092,126.93106137758035,37.499122816445855
R,전통시장,3130084,신성시장(신성골목시장),207823,450945,11215,광진구,11215770,중곡4동,16181,127.08853852877327,37.55799920934066
R,전통시장,3130085,용두시장,202630,453217,11230,동대문구,11230536,용신동,5527,127.0297737668214,37.5784992733269
R,전통시장,3130086,서울약령시장,203314,453617,11230,동대문구,11230545,제기동,165313,127.0375190174434,37.58210104091711
R,전통시장,3130087,경동광성상가(경동시장),203445,453527,11230,동대문구,11230545,제기동,20976,127.03900169348186,37.58128966613406
R,전통시장,3130088,경동시장,203454,453277,11230,동대문구,11230545,제기동,21323,127.03910240665606,37.57903714829214
R,전통시장,3130089,청량리수산시장,203592,453168,11230,동대문구,11230536,용신동,30328,127.04066415712857,37.57805453712299
R,전통시장,3130090,청량리종합시장,203585,453348,11230,동대문구,11230545,제기동,24349,127.04058579213896,37.579676353298325
R,전통시장,3130163,응암오거리상점가,192561,454386,11380,은평구,11380600,응암3동,53602,126.9157725618011,37.589005588687364
R,전통시장,3130164,역촌중앙시장,192605,457088,11380,은평구,11380552,갈현2동,5144,126.91624345994398,37.6133506843549
R,전통시장,3130247,우리시장,191589,444148,11560,영등포구,11560700,대림1동,16285,126.90488444933717,37.49675301431536
R,전통시장,3130248,영등포역지하도상점가,191565,446096,11560,영등포구,11560515,영등포본동,154926,126.90459071258275,37.51430435395737
R,전통시장,3130249,동남상가,191659,446794,11560,영등포구,11560535,영등포동,1854,126.90564603838433,37.52059420359231
R,전통시장,3130250,삼구시장(로타리상가),191658,446738,11560,영등포구,11560535,영등포동,5729,126.90563536175543,37.520089633552665
R,전통시장,3130253,영신상가(제일상가),191746,446714,11560,영등포구,11560535,영등포동,5196,126.90663108529256,37.519874184226964
R,전통시장,3130254,남서울상가,191773,446763,11560,영등포구,11560535,영등포동,3391,126.90693595950705,37.5203159161861
R,전통시장,3130071,성수역 골목형상점가,204684,449660,11200,성동구,11200690,성수2가3동,10659,127.05300402225483,37.54644268403656
R,전통시장,3130072,성동용답상가시장,204691,451606,11200,성동구,11200790,용답동,118065,127.05309567240342,37.56397605579394
R,전통시장,3130073,뚝도시장,204817,448747,11200,성동구,11200670,성수2가1동,21456,127.05450305757522,37.53821587578757
R,전통시장,3130074,영동교골목시장,205643,448742,11215,광진구,11215847,자양4동,14261,127.06384898175953,37.53816614249563
R,전통시장,3130075,노룬산시장(노룬산골목시장),205724,448577,11215,광진구,11215847,자양4동,10816,127.06476418803784,37.53667899370263
R,전통시장,3130076,능동로골목시장,205916,448409,11215,광진구,11215847,자양4동,28990,127.06693521742869,37.535164102322085
R,전통시장,3130150,창동골목시장,203458,459884,11320,도봉구,11320513,창3동,39982,127.03917890321948,37.638565494331445
R,전통시장,3130269,강남시장(동작구 강남시장),195879,444165,11590,동작구,11590530,상도1동,2889,126.95339767295978,37.49693528398814
R,전통시장,3130270,흑석시장,196718,445267,11590,동작구,11590605,흑석동,2989,126.96288058702295,37.506867727960454
R,전통시장,3130271,남성역골목시장,197564,442670,11590,동작구,11590650,사당4동,29047,126.97245743842454,37.483471201595435
R,전통시장,3130272,사당시장,197803,442619,11590,동작구,11590650,사당4동,5844,126.97515983670225,37.48301228623616
R,전통시장,3130273,남성사계시장(남성시장),198271,443197,11590,동작구,11590630,사당2동,43008,126.98044987510083,37.48822110802707
R,전통시장,3130091,청량종합도매시장,203592,453624,11230,동대문구,11230545,제기동,45678,127.04066639168124,37.58216306814205
R,전통시장,3130092,청량리농수산물시장,203589,453469,11230,동대문구,11230545,제기동,32477,127.04063166858508,37.580766540009925
R,전통시장,3130093,동서시장,203663,453370,11230,동대문구,11230545,제기동,4579,127.04146894002109,37.57987426500722
R,전통시장,3130094,청량리청과물시장,203780,453376,11230,동대문구,11230545,제기동,28297,127.0427935313661,37.57992785188444
R,전통시장,3130095,청량리전통시장,203840,453595,11230,동대문구,11230545,제기동,30889,127.04347394090428,37.58190077942744
R,전통시장,3130096,동부시장,204647,451974,11230,동대문구,11230600,답십리1동,6617,127.05259998437822,37.56729194291261
R,전통시장,3130097,답십리 건축자재시장,204773,452043,11230,동대문구,11230600,답십리1동,51943,127.05402664285535,37.567912985683684
R,전통시장,3130169,대조시장,193520,456658,11380,은평구,11380570,대조동,54016,126.92661064407342,37.609483334764015
R,전통시장,3130170,제일시장,193757,456715,11380,은평구,11380570,대조동,21253,126.92929430372801,37.609998536956034
R,전통시장,3130171,불광먹자골목 골목형상점가,193917,456762,11380,은평구,11380520,불광1동,45981,126.9311060072656,37.61042307337391
R,전통시장,3130172,모래내시장(서중시장),192506,452283,11410,서대문구,11410690,남가좌1동,24841,126.91517132922482,37.570057260519455
R,전통시장,3130173,백련시장,193207,453049,11410,서대문구,11410700,남가좌2동,2130,126.92309922703497,37.57696431003544
R,전통시장,3130174,연희사러가,193787,451957,11410,서대문구,11410615,연희동,4763,126.92967441702471,37.567129545564846
R,전통시장,3130175,신촌 상인회(신촌상점가),194450,450775,11410,서대문구,11410585,신촌동,6147,126.93718791894099,37.556484003099065
R,전통시장,3130281,우림시장,192959,441201,11620,관악구,11620775,난곡동,6466,126.92040521255308,37.470211772840585
R,전통시장,3130282,난곡 골목형상점가,192987,441112,11620,관악구,11620775,난곡동,11565,126.92072258435972,37.46941008683408
R,전통시장,3130283,신원시장,193546,442582,11620,관악구,11620655,신원동,26568,126.9270288352229,37.48265899049768
R,전통시장,3130284,관악종합시장(신원시장),193636,442462,11620,관악구,11620655,신원동,2721,126.92804744253655,37.48157840479633
R,전통시장,3130100,답십리시장,205141,452676,11230,동대문구,11230610,답십리2동,22189,127.05819655188141,37.573614303291755
R,전통시장,3130101,답십리현대시장,205160,451944,11230,동대문구,11230610,답십리2동,18344,127.05840648298727,37.567018914391745
R,전통시장,3130102,이문제일시장,205511,456109,11230,동대문구,11230750,이문2동,7291,127.062410802544,37.604543218336794
R,전통시장,3130176,유진상가,194956,454672,11410,서대문구,11410660,홍은1동,18531,126.94288775918265,37.59159866059048
R,전통시장,3130177,인왕시장(홍제골목형상점가),194989,454592,11410,서대문구,11410640,홍제3동,22776,126.943261958856,37.59087804741556
R,전통시장,3130178,이대 앞 스타트업 상점가,195118,451097,11410,서대문구,11410585,신촌동,7526,126.94474585797651,37.55938899274475
R,전통시장,3130179,"이화여대 3,5,7길 상점가",195141,450967,11410,서대문구,11410585,신촌동,55638,126.94500703113266,37.55821781854949
R,전통시장,3130180,포방터시장,195483,455484,11410,서대문구,11410660,홍은1동,28614,126.9488498689092,37.598917445528144
R,전통시장,3130262,상도도깨비 골목형상점가,194442,444884,11590,동작구,11590540,상도2동,23166,126.93714193649934,37.50340598585952
R,전통시장,3130263,신노량진시장(기능상실),194649,445465,11590,동작구,11590520,노량진2동,13242,126.93947877084665,37.50864204568287
R,전통시장,3130285,서원동상점가,193691,442612,11620,관악구,11620645,서원동,60026,126.92866799741944,37.482930294055336
R,전통시장,3130286,신신림시장(삼성동시장),194000,441260,11620,관악구,11620745,삼성동,4126,126.93217267938819,37.47075070951806
R,전통시장,3130287,삼성동 시장(삼성동시장),194010,441203,11620,관악구,11620745,삼성동,13340,126.93228618812465,37.470237198649365
R,전통시장,3130288,신림현대종합상가,194165,441693,11620,관악구,11620665,서림동,3964,126.93403450098945,37.47465313746561
R,전통시장,3130098,회기시장,204907,454615,11230,동대문구,11230710,회기동,32212,127.05556063508617,37.59108583569478
R,전통시장,3130099,전농로터리시장,205012,453131,11230,동대문구,11230560,전농1동,21809,127.05673937211033,37.57771453733629
R,전통시장,3130165,"대림골목시장(대림시장, 양지시장)",192702,454159,11380,은평구,11380600,응암3동,25330,126.91737128158225,37.58696146585945
R,전통시장,3130166,응암시장(신응암시장),192811,454967,11380,은평구,11380590,응암2동,8255,126.91859746125807,37.59424233344807
R,전통시장,3130167,연신내상점가(연빛거리),192841,457827,11380,은평구,11380551,갈현1동,100156,126.91890918747656,37.620010847855006
R,전통시장,3130168,연서시장,193102,457788,11380,은평구,11380530,불광2동,21658,126.92186592951714,37.61966145751094
R,전통시장,3130267,본동인정시장(기능상실),195675,445816,11590,동작구,11590510,노량진1동,24321,126.95108103475165,37.511809946089414
R,전통시장,3130268,상도전통시장,195763,444418,11590,동작구,11590530,상도1동,48100,126.95208443092477,37.49921430467612
R,전통시장,3130182,영천시장,196546,452358,11410,서대문구,11410520,천연동,41803,126.96090192262115,37.5707570092122
R,전통시장,3130183,상암동상점가,190781,453048,11440,마포구,11440740,상암동,127514,126.89563552270715,37.576934214752995
R,전통시장,3130004,낙원시장(낙원지하시장(대일상가)),198930,452581,11110,종로구,11110615,종로1?2?3?4가동,8689,126.98788764600079,37.572772081328125
R,전통시장,3130005,세운상가가동,199597,452205,11110,종로구,11110615,종로1?2?3?4가동,17110,126.99543826391316,37.569384872406744
R,전통시장,3130007,광장시장(광장전통시장),199984,452276,11110,종로구,11110615,종로1?2?3?4가동,66373,126.99981888734061,37.57002466717994
R,전통시장,3130009,마전교지하쇼핑센터(구 한일상가),200267,452276,11110,종로구,11110630,종로5?6가동,4469,127.0030223175016,37.570024628632375
R,전통시장,3130010,종로신진시장,200454,452308,11110,종로구,11110630,종로5?6가동,45117,127.00513909151051,37.570312873990254
R,전통시장,3130011,충신시장,200496,452735,11110,종로구,11110630,종로5?6가동,17934,127.005614802893,37.57416010129622
R,전통시장,3130012,"동대문종합시장(동대문종합시장 신관, 동대문종합시장D동상가)",200717,452318,11110,종로구,11110630,종로5?6가동,39355,127.008116152074,37.57040280639596
R,전통시장,3130013,동대문상가A동,200943,452267,11110,종로구,11110670,창신1동,4486,127.01067431570527,37.56994309516255
R,전통시장,3130014,동문시장,200970,452324,11110,종로구,11110670,창신1동,8177,127.01098001837083,37.570456634494995
R,전통시장,3130109,묵1동도깨비시장,207110,457444,11260,중랑구,11260620,묵1동,29000,127.08053206241114,37.6165604472275
R,전통시장,3130110,면목골목시장(면목시장),207544,453238,11260,중랑구,11260570,면목7동,60053,127.08540447332199,37.578661342781714
R,전통시장,3130111,"동원전통종합시장(동원시장, 동원전통시장 상점가)",208009,454485,11260,중랑구,11260565,면목본동,90850,127.09068228925835,37.58989278841775
R,전통시장,3130184,마포농수산물시장,190895,451575,11440,마포구,11440730,성산2동,217669,126.89694435531658,37.56366370832327
R,전통시장,3130185,망원월드컵시장,191644,450958,11440,마포구,11440700,망원2동,30025,126.90542898536704,37.55811166117051
R,전통시장,3130186,망원시장,191763,450761,11440,마포구,11440690,망원1동,42916,126.90677800571248,37.55633776978263
R,전통시장,3130187,영진시장,192299,450437,11440,마포구,11440660,서교동,6512,126.9128475622764,37.55342317415335
R,전통시장,3130188,합정시장,192324,449864,11440,마포구,11440680,합정동,1869,126.91313647940214,37.548260668049736
R,전통시장,3130189,서교시장,193066,450432,11440,마포구,11440660,서교동,5460,126.92152776262496,37.55338421217572
R,전통시장,3130015,창신골목시장,200998,452635,11110,종로구,11110680,창신2동,24588,127.01129739060529,37.57325869940521
R,전통시장,3130016,동대문상가B동,201060,452267,11110,종로구,11110670,창신1동,4841,127.01199870055557,37.569942967987394
R,전통시장,3130017,동대문상가C동,201180,452268,11110,종로구,11110670,창신1동,6896,127.01335704559155,37.56995183207184
R,전통시장,3130018,동대문문구완구거리(동대문문구완구시장),201224,452431,11110,종로구,11110670,창신1동,38586,127.0138553769603,37.57142039698896
R,전통시장,3130019,동대문상가D동,201322,452269,11110,종로구,11110670,창신1동,8494,127.01496442062971,37.569960649223894
R,전통시장,3130020,동묘시장(동묘벼룩시장),201471,452424,11110,종로구,11110710,숭인2동,31213,127.01665134166707,37.571356966071896
R,전통시장,3130112,사가정시장,208001,453529,11260,중랑구,11260575,면목3?8동,59114,127.09058127117551,37.581279375362584
R,전통시장,3130113,신아타운,208347,456318,11260,중랑구,11260690,신내2동,5817,127.09453019739227,37.60640493075793
R,전통시장,3130114,유영시장,208554,454672,11260,중랑구,11260660,망우3동,5784,127.09685525362742,37.5915727394116
R,전통시장,3130115,우림골목시장,208640,455380,11260,중랑구,11260655,망우본동,78310,127.0978373645944,37.597950947766826
R,전통시장,3130116,동성타워프라자,208594,456497,11260,중랑구,11260680,신내1동,4108,127.09732958269647,37.608015426299296
R,전통시장,3130117,정릉시장,200788,456537,11290,성북구,11290640,정릉3동,53318,127.00892438114056,37.60841561935929
R,전통시장,3130190,홍대소상공인상점가,193084,450375,11440,마포구,11440660,서교동,35891,126.92173200594554,37.55287077900313
R,전통시장,3130264,상도약수골목형상점가,195047,444141,11590,동작구,11590560,상도4동,15512,126.9439891665278,37.49671495630897
R,전통시장,3130265,노량진중앙시장,195104,445890,11590,동작구,11590510,노량진1동,10864,126.94462211025515,37.51247383763459
R,전통시장,3130266,만양로상점가,195116,445792,11590,동작구,11590510,노량진1동,4662,126.94475849109276,37.51159091740232
R,전통시장,3130001,통인시장,197351,453449,11110,종로구,11110515,청운효자동,38280,126.97001029915941,37.580589524576354
R,전통시장,3130002,세종마을음식문화거리(금천교시장),197423,453030,11110,종로구,11110530,사직동,49557,126.9708268941168,37.5768145641106
R,전통시장,3130103,이경시장,205838,455017,11230,동대문구,11230720,휘경1동,11622,127.06610529431995,37.59470238801467
R,전통시장,3130104,전곡시장,206069,453113,11230,동대문구,11230660,장안2동,26448,127.06870520080007,37.57754600063627
R,전통시장,3130105,장미제일시장(중화동제일시장),206703,456124,11260,중랑구,11260610,중화2동,26867,127.07591005475709,37.60467045615055
R,전통시장,3130106,중랑동부시장,206787,454757,11260,중랑구,11260520,면목2동,50468,127.07684866751778,37.592353303829555
R,전통시장,3130107,중랑동부시장(중랑교종합상가),206823,454827,11260,중랑구,11260590,상봉2동,7887,127.07725694432641,37.59298373151954
R,전통시장,3130108,태능엔터피아(태릉시장),206854,455524,11260,중랑구,11260610,중화2동,4443,127.07761447999405,37.59926340567427
R,전통시장,3130181,아현가구거리상점가,196352,450951,11410,서대문구,11410555,북아현동,45816,126.95871290751046,37.55807924724714
R,전통시장,3130025,삼익패션타운(남대문시장),198170,451158,11140,중구,11140540,회현동,17829,126.97928802926204,37.559949713268395
R,전통시장,3130031,청계천공구상가,199234,452011,11140,중구,11140605,을지로동,29341,126.99132950824925,37.56763671059657
R,전통시장,3130118,정릉골 골목형상점가,200875,456986,11290,성북구,11290650,정릉4동,26683,127.00991022394564,37.61246098232057
R,전통시장,3130119,정릉아리랑시장,201059,455924,11290,성북구,11290630,정릉2동,23266,127.01199266603757,37.602892279007925
R,전통시장,3130194,용강동 상점가,194876,449054,11440,마포구,11440590,용강동,54198,126.94202117995056,37.540980290301704
R,전통시장,3130195,도화동 상점가,195525,448962,11440,마포구,11440585,도화동,101880,126.94936526895961,37.54015474788199
R,전통시장,3130196,공덕시장,195839,449451,11440,마포구,11440565,공덕동,7426,126.95291541458452,37.54456210465348
R,전통시장,3130197,마포시장,195890,449503,11440,마포구,11440565,공덕동,9701,126.95349222353501,37.54503085282252
R,전통시장,3130198,아현시장,195969,450765,11440,마포구,11440555,아현동,27671,126.9543792384095,37.55640179732696
R,전통시장,3130199,신월3동 골목시장,184634,448266,11470,양천구,11470580,신월3동,21147,126.82614824040027,37.53376667458731
R,전통시장,3130200,"신월7동 골목시장(약수시장, 우성상가)",185253,447069,11470,양천구,11470611,신월7동,13685,126.833175632474,37.52299183125265
R,전통시장,3130032,인현시장,199564,451524,11140,중구,11140590,광희동,19722,126.9950651270371,37.56324907476504
R,전통시장,3130033,대림상가(청계상가),199596,452001,11140,중구,11140605,을지로동,11005,126.99542705683898,37.567546840841366
R,전통시장,3130034,필동 골목형상점가,199682,451157,11140,중구,11140570,필동,2212,126.9964008709876,37.55994246513612
R,전통시장,3130123,꿈의숲 장곡 골목형상점가,204112,457600,11290,성북구,11290760,장위1동,12762,127.04657583318793,37.61798427622631
R,전통시장,3130201,월정로시장,185340,448178,11470,양천구,11470560,신월1동,34925,126.83413768731026,37.53298528577645
R,전통시장,3130202,신영시장,185484,448177,11470,양천구,11470560,신월1동,45406,126.83576690779837,37.532978552718
R,전통시장,3130203,서서울 골목형상점가,185608,447927,11470,양천구,11470560,신월1동,20663,126.83717472744708,37.530728001368765
R,전통시장,3130204,경창시장,186037,447238,11470,양천구,11470570,신월2동,31087,126.84204133356633,37.524526713829125
R,전통시장,3130205,신곡종합시장(신월6동 골목시장),186079,446521,11470,양천구,11470610,신월6동,20768,126.84253004100526,37.51806718222335
R,전통시장,3130206,신정3동 골목시장,187022,446574,11470,양천구,11470640,신정3동,4699,126.85319599069369,37.51855845201219
R,전통시장,3130207,신정1동 골목시장(신정제일시장),187121,446835,11470,양천구,11470620,신정1동,15853,126.85431127941561,37.5209114490885
R,전통시장,3130208,목동깨비시장(목3동시장),188063,449908,11470,양천구,11470530,목3동,52508,126.86491733158284,37.548611790299745
R,전통시장,3130036,중부시장(신중부시장),200023,451787,11140,중구,11140590,광희동,92243,127.00026033411363,37.56561879780388
R,전통시장,3130038,"평화시장(통일상가, 동화상가)",200712,452140,11140,중구,11140590,광희동,133610,127.00805938127434,37.56879903833505
R,전통시장,3130042,약수시장,200969,450370,11140,중구,11140635,약수동,28173,127.01096611803986,37.55285116043482
R,전통시장,3130046,team204(팀204),201168,452028,11140,중구,11140615,신당동,4222,127.01322082902271,37.567789457999865
R,전통시장,3130035,방산종합시장(방산시장),200015,452052,11140,중구,11140605,을지로동,99727,127.00016978853688,37.56800643712113
R,전통시장,3130120,돈암시장(돈암제일시장),201401,454697,11290,성북구,11290555,삼선동,20332,127.01586330439116,37.59183665992462
R,전통시장,3130121,길음시장,201933,455901,11290,성북구,11290660,길음1동,7946,127.02189023475428,37.602683630466736
R,전통시장,3130122,밤나무골시장,203140,456580,11290,성북구,11290715,월곡1동,6751,127.03556180179773,37.60879802431153
R,전통시장,3130191,홍대 걷고싶은 거리,193388,450714,11440,마포구,11440660,서교동,58130,126.92516930057623,37.55592738931953
R,전통시장,3130192,동진시장,193538,451420,11440,마포구,11440710,연남동,4091,126.92686069302329,37.56228948723856
R,전통시장,3130193,신수시장,194286,449527,11440,마포구,11440630,신수동,6691,126.93534156571505,37.54523854892149
R,전통시장,3130021,신설종합시장,201854,452569,11110,종로구,11110710,숭인2동,9800,127.02098716952338,37.57266271778433
R,전통시장,3130022,숭례문수입상가(남대문시장),197893,451101,11140,중구,11140540,회현동,7685,126.9761531025199,37.55943555342979
R,전통시장,3130024,남대문시장(자유상가),198022,451117,11140,중구,11140540,회현동,78068,126.97761307341452,37.55957999880267
R,전통시장,3130212,공항시장,183093,451520,11500,강서구,11500640,방화2동,25563,126.80863843129447,37.563058055832414
R,전통시장,3130213,방신전통시장,183423,452471,11500,강서구,11500630,방화1동,18960,126.81235201849918,37.571632474906465
R,전통시장,3130214,송화벽화시장(송화골목시장),185468,449994,11500,강서구,11500611,발산1동,30423,126.8355499326782,37.549349400157496
R,전통시장,3130047,테크노상가(엘리시움),201143,452157,11140,중구,11140615,신당동,10175,127.01293804999196,37.56895177373238
R,전통시장,3130048,동평화시장,201165,452217,11140,중구,11140615,신당동,8633,127.0131871716288,37.56949234348714
R,전통시장,3130124,번동시장,204237,457971,11290,성북구,11290780,장위3동,7426,127.04799383237463,37.62132637254061
R,전통시장,3130125,장위전통시장,204520,456886,11290,성북구,11290770,장위2동,58889,127.0511927587875,37.61154930592484
R,전통시장,3130126,새석관시장,204666,456526,11290,성북구,11290810,석관동,7327,127.05284403459633,37.60830501690517
R,전통시장,3130127,석관시장,205334,456601,11290,성북구,11290810,석관동,7879,127.06040990437167,37.60897712863277
R,전통시장,3130128,돌곶이시장(석관황금시장),205475,456688,11290,성북구,11290810,석관동,48175,127.0620074415214,37.60976016072055
R,전통시장,3130129,장미원골목시장,201264,460597,11305,강북구,11305645,우이동,43525,127.0143222680271,37.644995149082234
R,전통시장,3130130,수유북부골목시장,201421,459635,11305,강북구,11305660,인수동,4552,127.01609935005759,37.636327448161275
R,전통시장,3130209,목사랑시장(목4동시장),188196,448723,11470,양천구,11470540,목4동,35003,126.86644144350878,37.53793668742033
R,전통시장,3130210,목2동시장,188802,449649,11470,양천구,11470520,목2동,42782,126.87328400792225,37.54628747973894
R,전통시장,3130211,신정2동 골목시장(오목교중앙시장),189057,446789,11470,양천구,11470630,신정2동,21996,126.876212166544,37.52052197226109
U,관광특구,3001491,이태원 관광특구,199498,448311,11170,용산구,11170650,이태원1동,372565,126.99432030199267,37.5342999541775
U,관광특구,3001492,명동 남대문 북창동 다동 무교동 관광특구,198397,451614,11140,중구,11140520,소공동,983618,126.98185622262775,37.564058680496096
U,관광특구,3001493,동대문패션타운 관광특구,200996,451976,11140,중구,11140590,광희동,606058,127.01127385554352,37.567321142166996
U,관광특구,3001494,종로?청계 관광특구,199796,452274,11110,종로구,11110615,종로1?2?3?4가동,653127,126.99769081415003,37.57000662482674
U,관광특구,3001495,잠실 관광특구,210188,446334,11710,송파구,11710562,방이2동,2462734,127.11524094253139,37.51643105790915
U,관광특구,3001496,강남 마이스 관광특구,205282,445736,11680,강남구,11680580,삼성1동,237892,127.05974276727348,37.51108416413466
